-- phpMyAdmin SQL Dump
-- version 5.2.0
-- https://www.phpmyadmin.net/
--
-- Hôte : 127.0.0.1
-- Généré le : ven. 02 déc. 2022 à 14:14
-- Version du serveur : 10.4.24-MariaDB
-- Version de PHP : 8.1.6

SET SQL_MODE = "NO_AUTO_VALUE_ON_ZERO";
START TRANSACTION;
SET time_zone = "+00:00";


/*!40101 SET @OLD_CHARACTER_SET_CLIENT=@@CHARACTER_SET_CLIENT */;
/*!40101 SET @OLD_CHARACTER_SET_RESULTS=@@CHARACTER_SET_RESULTS */;
/*!40101 SET @OLD_COLLATION_CONNECTION=@@COLLATION_CONNECTION */;
/*!40101 SET NAMES utf8mb4 */;

--
-- Base de données : `project-movies`
--

-- --------------------------------------------------------

--
-- Structure de la table `acteur`
--

CREATE TABLE `acteur` (
  `id` bigint(20) NOT NULL,
  `height` varchar(255) DEFAULT NULL,
  `id_imdb` varchar(255) DEFAULT NULL,
  `identite` varchar(255) DEFAULT NULL,
  `url` varchar(255) DEFAULT NULL,
  `naissance_id` bigint(20) DEFAULT NULL
) ENGINE=InnoDB DEFAULT CHARSET=utf8mb4;

--
-- Déchargement des données de la table `acteur`
--

INSERT INTO `acteur` (`id`, `height`, `id_imdb`, `identite`, `url`, `naissance_id`) VALUES
(1, NULL, 'nm0695435', 'Chris Pratt', '/name/nm0695435/?ref_=tt_ov_st', 1),
(2, NULL, 'nm1231899', 'Priyanka Chopra Jonas', '/name/nm1231899/?ref_=tt_ov_st', 2),
(3, NULL, 'nm0695435', 'Chris Pratt', '/name/nm0695435?ref_=tt_cl_t_1', 3),
(4, NULL, 'nm1231899', 'Priyanka Chopra Jonas', '/name/nm1231899?ref_=tt_cl_t_2', 4),
(5, NULL, 'nm5611121', 'Millie Bobby Brown', '/name/nm5611121/?ref_=tt_ov_st', 5),
(6, NULL, 'nm0695435', 'Chris Pratt', '/name/nm0695435/?ref_=tt_ov_st', 6),
(7, NULL, 'nm5611121', 'Millie Bobby Brown', '/name/nm5611121?ref_=tt_cl_t_1', 7),
(8, NULL, 'nm0695435', 'Chris Pratt', '/name/nm0695435?ref_=tt_cl_t_2', 8),
(9, NULL, 'nm0695435', 'Chris Pratt', '/name/nm0695435/?ref_=tt_ov_st', 9),
(10, NULL, 'nm0000168', 'Samuel L. Jackson', '/name/nm0000168/?ref_=tt_ov_st', 10),
(11, NULL, 'nm0695435', 'Chris Pratt', '/name/nm0695435?ref_=tt_cl_t_1', 11),
(12, NULL, 'nm0000168', 'Samuel L. Jackson', '/name/nm0000168?ref_=tt_cl_t_2', 12),
(13, NULL, 'nm1176985', 'Dave Bautista', '/name/nm1176985/?ref_=tt_ov_st', 13),
(14, NULL, 'nm0695435', 'Chris Pratt', '/name/nm0695435/?ref_=tt_ov_st', 14),
(15, NULL, 'nm0757855', 'Zoe Saldana', '/name/nm0757855/?ref_=tt_ov_st', 15),
(16, NULL, 'nm2394794', 'Karen Gillan', '/name/nm2394794?ref_=tt_cl_t_7', 16),
(17, NULL, 'nm2401020', 'Will Poulter', '/name/nm2401020?ref_=tt_cl_t_6', 17),
(18, NULL, 'nm0348231', 'Sean Gunn', '/name/nm0348231?ref_=tt_cl_t_11', 18),
(19, NULL, 'nm0757855', 'Zoe Saldana', '/name/nm0757855?ref_=tt_cl_t_2', 19),
(20, NULL, 'nm4456672', 'Nico Santos', '/name/nm4456672?ref_=tt_cl_t_15', 20),
(21, NULL, 'nm0002888', 'Stephen Blackehart', '/name/nm0002888?ref_=tt_cl_t_16', 21),
(22, NULL, 'nm4456120', 'Elizabeth Debicki', '/name/nm4456120?ref_=tt_cl_t_10', 22),
(23, NULL, 'nm8883627', 'Reinaldo Faberlle', '/name/nm8883627?ref_=tt_cl_t_17', 23),
(24, NULL, 'nm1030244', 'Chukwudi Iwuji', '/name/nm1030244?ref_=tt_cl_t_13', 24),
(25, NULL, 'nm0004874', 'Vin Diesel', '/name/nm0004874?ref_=tt_cl_t_4', 25),
(26, NULL, 'nm2962353', 'Pom Klementieff', '/name/nm2962353?ref_=tt_cl_t_8', 26),
(27, NULL, 'nm13086668', 'Olive Raine Cleope', '/name/nm13086668?ref_=tt_cl_t_18', 27),
(28, NULL, 'nm0695435', 'Chris Pratt', '/name/nm0695435?ref_=tt_cl_t_1', 28),
(29, NULL, 'nm1176985', 'Dave Bautista', '/name/nm1176985?ref_=tt_cl_t_3', 29),
(30, NULL, 'nm6403016', 'Daniela Melchior', '/name/nm6403016?ref_=tt_cl_t_12', 30),
(31, NULL, 'nm0000230', 'Sylvester Stallone', '/name/nm0000230?ref_=tt_cl_t_9', 31),
(32, NULL, 'nm7210025', 'Maria Bakalova', '/name/nm7210025?ref_=tt_cl_t_14', 32),
(33, NULL, 'nm0177896', 'Bradley Cooper', '/name/nm0177896?ref_=tt_cl_t_5', 33),
(34, NULL, 'nm0553409', 'Charles Martinet', '/name/nm0553409?ref_=tt_cl_t_10', 34),
(35, NULL, 'nm1724319', 'Sebastian Maniscalco', '/name/nm1724319?ref_=tt_cl_t_9', 35),
(36, NULL, 'nm0695435', 'Chris Pratt', '/name/nm0695435?ref_=tt_cl_t_1', 36),
(37, NULL, 'nm5896355', 'Anya Taylor-Joy', '/name/nm5896355?ref_=tt_cl_t_2', 37),
(38, NULL, 'nm0736622', 'Seth Rogen', '/name/nm0736622?ref_=tt_cl_t_6', 38),
(39, NULL, 'nm0035488', 'Fred Armisen', '/name/nm0035488?ref_=tt_cl_t_7', 39),
(40, NULL, 'nm1221047', 'Keegan-Michael Key', '/name/nm1221047?ref_=tt_cl_t_5', 40),
(41, NULL, 'nm0724656', 'Kevin Michael Richardson', '/name/nm0724656?ref_=tt_cl_t_8', 41),
(42, NULL, 'nm0206359', 'Charlie Day', '/name/nm0206359?ref_=tt_cl_t_3', 42),
(43, NULL, 'nm0085312', 'Jack Black', '/name/nm0085312?ref_=tt_cl_t_4', 43),
(44, NULL, 'nm0695435', 'Chris Pratt', '/name/nm0695435/?ref_=tt_ov_st', 44),
(45, NULL, 'nm2394794', 'Karen Gillan', '/name/nm2394794/?ref_=tt_ov_st', 45),
(46, NULL, 'nm0348231', 'Sean Gunn', '/name/nm0348231/?ref_=tt_ov_st', 46),
(47, NULL, 'nm0348231', 'Sean Gunn', '/name/nm0348231?ref_=tt_cl_t_3', 47),
(48, NULL, 'nm0695435', 'Chris Pratt', '/name/nm0695435?ref_=tt_cl_t_1', 48),
(49, NULL, 'nm0757855', 'Zoe Saldana', '/name/nm0757855?ref_=tt_cl_t_5', 49),
(50, NULL, 'nm0177896', 'Bradley Cooper', '/name/nm0177896?ref_=tt_cl_t_6', 50),
(51, NULL, 'nm0004874', 'Vin Diesel', '/name/nm0004874?ref_=tt_cl_t_7', 51),
(52, NULL, 'nm0608781', 'David Moskowitz', '/name/nm0608781?ref_=tt_cl_t_9', 52),
(53, NULL, 'nm2394794', 'Karen Gillan', '/name/nm2394794?ref_=tt_cl_t_2', 53),
(54, NULL, 'nm2962353', 'Pom Klementieff', '/name/nm2962353?ref_=tt_cl_t_4', 54),
(55, NULL, 'nm1176985', 'Dave Bautista', '/name/nm1176985?ref_=tt_cl_t_8', 55),
(56, NULL, 'nm0002888', 'Stephen Blackehart', '/name/nm0002888?ref_=tt_cl_t_10', 56),
(57, NULL, 'nm2018237', 'Taylor Kitsch', '/name/nm2018237/?ref_=tt_ov_st', 57),
(58, NULL, 'nm0695435', 'Chris Pratt', '/name/nm0695435/?ref_=tt_ov_st', 58),
(59, NULL, 'nm2090422', 'Constance Wu', '/name/nm2090422/?ref_=tt_ov_st', 59),
(60, NULL, 'nm2090422', 'Constance Wu', '/name/nm2090422?ref_=tt_cl_t_2', 60),
(61, NULL, 'nm0695435', 'Chris Pratt', '/name/nm0695435?ref_=tt_cl_t_1', 61),
(62, NULL, 'nm0005204', 'Paul McCrane', '/name/nm0005204?ref_=tt_cl_t_17', 62),
(63, NULL, 'nm1013218', 'Matthew Rauch', '/name/nm1013218?ref_=tt_cl_t_16', 63),
(64, NULL, 'nm6481846', 'Drew Starkey', '/name/nm6481846?ref_=tt_cl_t_13', 64),
(65, NULL, 'nm0896292', 'Christina Vidal', '/name/nm0896292?ref_=tt_cl_t_10', 65),
(66, NULL, 'nm1206818', 'LaMonica Garrett', '/name/nm1206818?ref_=tt_cl_t_9', 66),
(67, NULL, 'nm1212071', 'Stephen Bishop', '/name/nm1212071?ref_=tt_cl_t_18', 67),
(68, NULL, 'nm7725286', 'Jared Shaw', '/name/nm7725286?ref_=tt_cl_t_7', 68),
(69, NULL, 'nm6951875', 'Alexis Louder', '/name/nm6951875?ref_=tt_cl_t_14', 69),
(70, NULL, 'nm2018237', 'Taylor Kitsch', '/name/nm2018237?ref_=tt_cl_t_3', 70),
(71, NULL, 'nm7750444', 'Arlo Mertz', '/name/nm7750444?ref_=tt_cl_t_5', 71),
(72, NULL, 'nm2541974', 'Jai Courtney', '/name/nm2541974?ref_=tt_cl_t_15', 72),
(73, NULL, 'nm1238555', 'JD Pardo', '/name/nm1238555?ref_=tt_cl_t_8', 73),
(74, NULL, 'nm0000675', 'Jeanne Tripplehorn', '/name/nm0000675?ref_=tt_cl_t_6', 74),
(75, NULL, 'nm0157915', 'Nick Chinlund', '/name/nm0157915?ref_=tt_cl_t_11', 75),
(76, NULL, 'nm7335799', 'Tyner Rushing', '/name/nm7335799?ref_=tt_cl_t_12', 76),
(77, NULL, 'nm2142336', 'Riley Keough', '/name/nm2142336?ref_=tt_cl_t_4', 77),
(78, NULL, 'nm0000288', 'Christian Bale', '/name/nm0000288/?ref_=tt_ov_st', 78),
(79, NULL, 'nm1165110', 'Chris Hemsworth', '/name/nm1165110/?ref_=tt_ov_st', 79),
(80, NULL, 'nm0000204', 'Natalie Portman', '/name/nm0000204/?ref_=tt_ov_st', 80),
(81, NULL, 'nm1229520', 'Ben Falcone', '/name/nm1229520?ref_=tt_cl_t_16', 81),
(82, NULL, 'nm2394794', 'Karen Gillan', '/name/nm2394794?ref_=tt_cl_t_10', 82),
(83, NULL, 'nm0169806', 'Taika Waititi', '/name/nm0169806?ref_=tt_cl_t_5', 83),
(84, NULL, 'nm0004874', 'Vin Diesel', '/name/nm0004874?ref_=tt_cl_t_13', 84),
(85, NULL, 'nm1935086', 'Tessa Thompson', '/name/nm1935086?ref_=tt_cl_t_4', 85),
(86, NULL, 'nm1526352', 'Jaimie Alexander', '/name/nm1526352?ref_=tt_cl_t_7', 86),
(87, NULL, 'nm0177896', 'Bradley Cooper', '/name/nm0177896?ref_=tt_cl_t_14', 87),
(88, NULL, 'nm0695435', 'Chris Pratt', '/name/nm0695435?ref_=tt_cl_t_8', 88),
(89, NULL, 'nm6296226', 'Suren Jayemanne', '/name/nm6296226?ref_=tt_cl_t_17', 89),
(90, NULL, 'nm0000288', 'Christian Bale', '/name/nm0000288?ref_=tt_cl_t_3', 90),
(91, NULL, 'nm5415372', 'Carly Rees', '/name/nm5415372?ref_=tt_cl_t_15', 91),
(92, NULL, 'nm1176985', 'Dave Bautista', '/name/nm1176985?ref_=tt_cl_t_9', 92),
(93, NULL, 'nm1165110', 'Chris Hemsworth', '/name/nm1165110?ref_=tt_cl_t_1', 93),
(94, NULL, 'nm2962353', 'Pom Klementieff', '/name/nm2962353?ref_=tt_cl_t_11', 94),
(95, NULL, 'nm12281779', 'Natasha Cheng', '/name/nm12281779?ref_=tt_cl_t_18', 95),
(96, NULL, 'nm0000204', 'Natalie Portman', '/name/nm0000204?ref_=tt_cl_t_2', 96),
(97, NULL, 'nm0000128', 'Russell Crowe', '/name/nm0000128?ref_=tt_cl_t_6', 97),
(98, NULL, 'nm0348231', 'Sean Gunn', '/name/nm0348231?ref_=tt_cl_t_12', 98),
(99, NULL, 'nm0397171', 'Bryce Dallas Howard', '/name/nm0397171/?ref_=tt_ov_st', 99),
(100, NULL, 'nm0695435', 'Chris Pratt', '/name/nm0695435/?ref_=tt_ov_st', 100),
(101, NULL, 'nm0000368', 'Laura Dern', '/name/nm0000368/?ref_=tt_ov_st', 101),
(102, NULL, 'nm11016259', 'Caleb Hearon', '/name/nm11016259?ref_=tt_cl_t_17', 102),
(103, NULL, 'nm0000368', 'Laura Dern', '/name/nm0000368?ref_=tt_cl_t_3', 103),
(104, NULL, 'nm0000703', 'BD Wong', '/name/nm0000703?ref_=tt_cl_t_10', 104),
(105, NULL, 'nm4427331', 'Daniella Pineda', '/name/nm4427331?ref_=tt_cl_t_13', 105),
(106, NULL, 'nm0695435', 'Chris Pratt', '/name/nm0695435?ref_=tt_cl_t_1', 106),
(107, NULL, 'nm0397171', 'Bryce Dallas Howard', '/name/nm0397171?ref_=tt_cl_t_2', 107),
(108, NULL, 'nm0000156', 'Jeff Goldblum', '/name/nm0000156?ref_=tt_cl_t_5', 108),
(109, NULL, 'nm2821397', 'Freya Parker', '/name/nm2821397?ref_=tt_cl_t_18', 109),
(110, NULL, 'nm1082477', 'Omar Sy', '/name/nm1082477?ref_=tt_cl_t_11', 110),
(111, NULL, 'nm6974206', 'Mamoudou Athie', '/name/nm6974206?ref_=tt_cl_t_7', 111),
(112, NULL, 'nm1119340', 'Kristoffer Polaha', '/name/nm1119340?ref_=tt_cl_t_16', 112),
(113, NULL, 'nm1901842', 'Dichen Lachman', '/name/nm1901842?ref_=tt_cl_t_15', 113),
(114, NULL, 'nm0001714', 'Campbell Scott', '/name/nm0001714?ref_=tt_cl_t_9', 114),
(115, NULL, 'nm1986622', 'DeWanda Wise', '/name/nm1986622?ref_=tt_cl_t_6', 115),
(116, NULL, 'nm9830820', 'Isabella Sermon', '/name/nm9830820?ref_=tt_cl_t_8', 116),
(117, NULL, 'nm2020278', 'Scott Haze', '/name/nm2020278?ref_=tt_cl_t_14', 117),
(118, NULL, 'nm0000554', 'Sam Neill', '/name/nm0000554?ref_=tt_cl_t_4', 118),
(119, NULL, 'nm6819854', 'Justice Smith', '/name/nm6819854?ref_=tt_cl_t_12', 119),
(120, NULL, 'nm0799777', 'J.K. Simmons', '/name/nm0799777/?ref_=tt_ov_st', 120),
(121, NULL, 'nm2088803', 'Yvonne Strahovski', '/name/nm2088803/?ref_=tt_ov_st', 121),
(122, NULL, 'nm0695435', 'Chris Pratt', '/name/nm0695435/?ref_=tt_ov_st', 122),
(123, NULL, 'nm9858049', 'Chibuikem Uche', '/name/nm9858049?ref_=tt_cl_t_17', 123),
(124, NULL, 'nm2088803', 'Yvonne Strahovski', '/name/nm2088803?ref_=tt_cl_t_2', 124),
(125, NULL, 'nm5469428', 'Keith Powers', '/name/nm5469428?ref_=tt_cl_t_9', 125),
(126, NULL, 'nm7725286', 'Jared Shaw', '/name/nm7725286?ref_=tt_cl_t_12', 126),
(127, NULL, 'nm7852347', 'Alan Trong', '/name/nm7852347?ref_=tt_cl_t_16', 127),
(128, NULL, 'nm6951875', 'Alexis Louder', '/name/nm6951875?ref_=tt_cl_t_13', 128),
(129, NULL, 'nm8567129', 'Jasmine Mathews', '/name/nm8567129?ref_=tt_cl_t_6', 129),
(130, NULL, 'nm0695435', 'Chris Pratt', '/name/nm0695435?ref_=tt_cl_t_1', 130),
(131, NULL, 'nm2365811', 'Betty Gilpin', '/name/nm2365811?ref_=tt_cl_t_4', 131),
(132, NULL, 'nm2437267', 'Seychelle Gabriel', '/name/nm2437267?ref_=tt_cl_t_15', 132),
(133, NULL, 'nm0388064', 'Edwin Hodge', '/name/nm0388064?ref_=tt_cl_t_7', 133),
(134, NULL, 'nm0707476', 'Mary Lynn Rajskub', '/name/nm0707476?ref_=tt_cl_t_10', 134),
(135, NULL, 'nm1296223', 'David Maldonado', '/name/nm1296223?ref_=tt_cl_t_18', 135),
(136, NULL, 'nm2107704', 'Rose Bianco', '/name/nm2107704?ref_=tt_cl_t_14', 136),
(137, NULL, 'nm8740834', 'Ryan Kiera Armstrong', '/name/nm8740834?ref_=tt_cl_t_8', 137),
(138, NULL, 'nm3931538', 'Sam Richardson', '/name/nm3931538?ref_=tt_cl_t_5', 138),
(139, NULL, 'nm2081175', 'Mike Mitchell', '/name/nm2081175?ref_=tt_cl_t_11', 139),
(140, NULL, 'nm0799777', 'J.K. Simmons', '/name/nm0799777?ref_=tt_cl_t_3', 140),
(141, NULL, 'nm0695435', 'Chris Pratt', '/name/nm0695435/?ref_=tt_ov_st', 141),
(142, NULL, 'nm4043618', 'Tom Holland', '/name/nm4043618/?ref_=tt_ov_st', 142),
(143, NULL, 'nm4043618', 'Tom Holland', '/name/nm4043618?ref_=tt_cl_t_1', 143),
(144, NULL, 'nm0695435', 'Chris Pratt', '/name/nm0695435?ref_=tt_cl_t_2', 144),
(145, NULL, 'nm0000506', 'Julia Louis-Dreyfus', '/name/nm0000506?ref_=tt_cl_t_3', 145),
(146, NULL, 'nm0217221', 'Grey Griffin', '/name/nm0217221?ref_=tt_cl_t_9', 146),
(147, NULL, 'nm2913119', 'Lena Waithe', '/name/nm2913119?ref_=tt_cl_t_7', 147),
(148, NULL, 'nm0001808', 'Tracey Ullman', '/name/nm0001808?ref_=tt_cl_t_10', 148),
(149, NULL, 'nm6144523', 'George Psarras', '/name/nm6144523?ref_=tt_cl_t_12', 149),
(150, NULL, 'nm4043618', 'Tom Holland', '/name/nm4043618?ref_=tt_cl_t_1', 150),
(151, NULL, 'nm0818055', 'Octavia Spencer', '/name/nm0818055?ref_=tt_cl_t_4', 151),
(152, NULL, 'nm0695435', 'Chris Pratt', '/name/nm0695435?ref_=tt_cl_t_2', 152),
(153, NULL, 'nm1531180', 'Kyle Bornheimer', '/name/nm1531180?ref_=tt_cl_t_6', 153),
(154, NULL, 'nm0001652', 'John Ratzenberger', '/name/nm0001652?ref_=tt_cl_t_13', 154),
(155, NULL, 'nm0005519', 'Wilmer Valderrama', '/name/nm0005519?ref_=tt_cl_t_11', 155),
(156, NULL, 'nm0735440', 'Mel Rodriguez', '/name/nm0735440?ref_=tt_cl_t_5', 156),
(157, NULL, 'nm4399227', 'Ali Wong', '/name/nm4399227?ref_=tt_cl_t_8', 157),
(158, NULL, 'nm0000703', 'BD Wong', '/name/nm0000703/?ref_=tt_ov_st', 158),
(159, NULL, 'nm0695435', 'Chris Pratt', '/name/nm0695435/?ref_=tt_ov_st', 159),
(160, NULL, 'nm0397171', 'Bryce Dallas Howard', '/name/nm0397171/?ref_=tt_ov_st', 160),
(161, NULL, 'nm0695435', 'Chris Pratt', '/name/nm0695435?ref_=tt_cl_t_2', 161),
(162, NULL, 'nm0000703', 'BD Wong', '/name/nm0000703?ref_=tt_cl_t_3', 162),
(163, NULL, 'nm0397171', 'Bryce Dallas Howard', '/name/nm0397171?ref_=tt_cl_t_1', 163),
(164, NULL, 'nm0000375', 'Robert Downey Jr.', '/name/nm0000375/?ref_=tt_ov_st', 164),
(165, NULL, 'nm0262635', 'Chris Evans', '/name/nm0262635/?ref_=tt_ov_st', 165),
(166, NULL, 'nm0749263', 'Mark Ruffalo', '/name/nm0749263/?ref_=tt_ov_st', 166),
(167, NULL, 'nm4043618', 'Tom Holland', '/name/nm4043618?ref_=tt_cl_t_12', 167),
(168, NULL, 'nm1212722', 'Benedict Cumberbatch', '/name/nm1212722?ref_=tt_cl_t_9', 168),
(169, NULL, 'nm1165110', 'Chris Hemsworth', '/name/nm1165110?ref_=tt_cl_t_4', 169),
(170, NULL, 'nm0000623', 'Rene Russo', '/name/nm0000623?ref_=tt_cl_t_17', 170),
(171, NULL, 'nm0757855', 'Zoe Saldana', '/name/nm0757855?ref_=tt_cl_t_14', 171),
(172, NULL, 'nm0647634', 'Elizabeth Olsen', '/name/nm0647634?ref_=tt_cl_t_18', 172),
(173, NULL, 'nm1431940', 'Evangeline Lilly', '/name/nm1431940?ref_=tt_cl_t_15', 173),
(174, NULL, 'nm0000332', 'Don Cheadle', '/name/nm0000332?ref_=tt_cl_t_7', 174),
(175, NULL, 'nm0748620', 'Paul Rudd', '/name/nm0748620?ref_=tt_cl_t_8', 175),
(176, NULL, 'nm1569276', 'Chadwick Boseman', '/name/nm1569276?ref_=tt_cl_t_10', 176),
(177, NULL, 'nm0424060', 'Scarlett Johansson', '/name/nm0424060?ref_=tt_cl_t_5', 177),
(178, NULL, 'nm1935086', 'Tessa Thompson', '/name/nm1935086?ref_=tt_cl_t_16', 178),
(179, NULL, 'nm0000375', 'Robert Downey Jr.', '/name/nm0000375?ref_=tt_cl_t_1', 179),
(180, NULL, 'nm0719637', 'Jeremy Renner', '/name/nm0719637?ref_=tt_cl_t_6', 180),
(181, NULL, 'nm0262635', 'Chris Evans', '/name/nm0262635?ref_=tt_cl_t_2', 181),
(182, NULL, 'nm0488953', 'Brie Larson', '/name/nm0488953?ref_=tt_cl_t_11', 182),
(183, NULL, 'nm0749263', 'Mark Ruffalo', '/name/nm0749263?ref_=tt_cl_t_3', 183),
(184, NULL, 'nm2394794', 'Karen Gillan', '/name/nm2394794?ref_=tt_cl_t_13', 184),
(185, NULL, 'nm0695435', 'Chris Pratt', '/name/nm0695435/?ref_=tt_ov_st', 185),
(186, NULL, 'nm8868767', 'Jake Schur', '/name/nm8868767/?ref_=tt_ov_st', 186),
(187, NULL, 'nm5772354', 'Leila George', '/name/nm5772354/?ref_=tt_ov_st', 187),
(188, NULL, 'nm1324884', 'Tait Fletcher', '/name/nm1324884?ref_=tt_cl_t_11', 188),
(189, NULL, 'nm8868767', 'Jake Schur', '/name/nm8868767?ref_=tt_cl_t_1', 189),
(190, NULL, 'nm0802019', 'Rachel Singer', '/name/nm0802019?ref_=tt_cl_t_17', 190),
(191, NULL, 'nm1216220', 'Chad Dashnaw', '/name/nm1216220?ref_=tt_cl_t_9', 191),
(192, NULL, 'nm6590594', 'David Devereaux', '/name/nm6590594?ref_=tt_cl_t_16', 192),
(193, NULL, 'nm5921082', 'Ben Dickey', '/name/nm5921082?ref_=tt_cl_t_10', 193),
(194, NULL, 'nm7240335', 'Clint Obenchain', '/name/nm7240335?ref_=tt_cl_t_7', 194),
(195, NULL, 'nm5772354', 'Leila George', '/name/nm5772354?ref_=tt_cl_t_2', 195),
(196, NULL, 'nm3856319', 'Chris Bylsma', '/name/nm3856319?ref_=tt_cl_t_8', 196),
(197, NULL, 'nm1017206', 'Jenny Gabrielle', '/name/nm1017206?ref_=tt_cl_t_18', 197),
(198, NULL, 'nm6232017', 'Samantha Zajarias', '/name/nm6232017?ref_=tt_cl_t_14', 198),
(199, NULL, 'nm0000352', 'Vincent D\'Onofrio', '/name/nm0000352?ref_=tt_cl_t_15', 199),
(200, NULL, 'nm0695435', 'Chris Pratt', '/name/nm0695435?ref_=tt_cl_t_3', 200),
(201, NULL, 'nm0195842', 'Hawk D\'Onofrio', '/name/nm0195842?ref_=tt_cl_t_12', 201),
(202, NULL, 'nm3520036', 'Diana Navarrete', '/name/nm3520036?ref_=tt_cl_t_13', 202),
(203, NULL, 'nm3584890', 'Charlie Chappell', '/name/nm3584890?ref_=tt_cl_t_6', 203),
(204, NULL, 'nm2851530', 'Dane DeHaan', '/name/nm2851530?ref_=tt_cl_t_4', 204),
(205, NULL, 'nm0000160', 'Ethan Hawke', '/name/nm0000160?ref_=tt_cl_t_5', 205),
(206, NULL, 'nm0004715', 'Will Arnett', '/name/nm0004715?ref_=tt_cl_t_2', 206),
(207, NULL, 'nm0695435', 'Chris Pratt', '/name/nm0695435?ref_=tt_cl_t_5', 207),
(208, NULL, 'nm3715867', 'Stephanie Beatriz', '/name/nm3715867?ref_=tt_cl_t_4', 208),
(209, NULL, 'nm0001122', 'Ellen DeGeneres', '/name/nm0001122?ref_=tt_cl_t_1', 209),
(210, NULL, 'nm0006969', 'Elizabeth Banks', '/name/nm0006969?ref_=tt_cl_t_3', 210),
(211, NULL, 'nm3338018', 'Jadon Sand', '/name/nm3338018?ref_=tt_cl_t_11', 211),
(212, NULL, 'nm0597388', 'Jason Momoa', '/name/nm0597388?ref_=tt_cl_t_18', 212),
(213, NULL, 'nm7737419', 'Brooklynn Prince', '/name/nm7737419?ref_=tt_cl_t_12', 213),
(214, NULL, 'nm1555340', 'Alison Brie', '/name/nm1555340?ref_=tt_cl_t_6', 214),
(215, NULL, 'nm3715867', 'Stephanie Beatriz', '/name/nm3715867?ref_=tt_cl_t_5', 215),
(216, NULL, 'nm2355635', 'Ben Schwartz', '/name/nm2355635?ref_=tt_cl_t_16', 216),
(217, NULL, 'nm1475594', 'Channing Tatum', '/name/nm1475594?ref_=tt_cl_t_13', 217),
(218, NULL, 'nm0695435', 'Chris Pratt', '/name/nm0695435?ref_=tt_cl_t_1', 218),
(219, NULL, 'nm0276161', 'Noel Fielding', '/name/nm0276161?ref_=tt_cl_t_17', 219),
(220, NULL, 'nm0206359', 'Charlie Day', '/name/nm0206359?ref_=tt_cl_t_8', 220),
(221, NULL, 'nm1840504', 'Tiffany Haddish', '/name/nm1840504?ref_=tt_cl_t_4', 221),
(222, NULL, 'nm0004715', 'Will Arnett', '/name/nm0004715?ref_=tt_cl_t_3', 222),
(223, NULL, 'nm1706767', 'Jonah Hill', '/name/nm1706767?ref_=tt_cl_t_14', 223),
(224, NULL, 'nm0002071', 'Will Ferrell', '/name/nm0002071?ref_=tt_cl_t_10', 224),
(225, NULL, 'nm1547964', 'Richard Ayoade', '/name/nm1547964?ref_=tt_cl_t_15', 225),
(226, NULL, 'nm0748973', 'Maya Rudolph', '/name/nm0748973?ref_=tt_cl_t_9', 226),
(227, NULL, 'nm0006969', 'Elizabeth Banks', '/name/nm0006969?ref_=tt_cl_t_2', 227),
(228, NULL, 'nm0644406', 'Nick Offerman', '/name/nm0644406?ref_=tt_cl_t_7', 228),
(229, NULL, 'nm3715867', 'Stephanie Beatriz', '/name/nm3715867?ref_=tt_cl_t_3', 229),
(230, NULL, 'nm0206359', 'Charlie Day', '/name/nm0206359?ref_=tt_cl_t_6', 230),
(231, NULL, 'nm0695435', 'Chris Pratt', '/name/nm0695435?ref_=tt_cl_t_9', 231),
(232, NULL, 'nm0006969', 'Elizabeth Banks', '/name/nm0006969?ref_=tt_cl_t_2', 232),
(233, NULL, 'nm1555340', 'Alison Brie', '/name/nm1555340?ref_=tt_cl_t_4', 233),
(234, NULL, 'nm0003944', 'Ian James Corlett', '/name/nm0003944?ref_=tt_cl_t_5', 234),
(235, NULL, 'nm0004715', 'Will Arnett', '/name/nm0004715?ref_=tt_cl_t_1', 235),
(236, NULL, 'nm1840504', 'Tiffany Haddish', '/name/nm1840504?ref_=tt_cl_t_7', 236),
(237, NULL, 'nm0644406', 'Nick Offerman', '/name/nm0644406?ref_=tt_cl_t_8', 237),
(238, NULL, 'nm0695435', 'Chris Pratt', '/name/nm0695435/?ref_=tt_ov_st', 238),
(239, NULL, 'nm1245863', 'Rafe Spall', '/name/nm1245863/?ref_=tt_ov_st', 239),
(240, NULL, 'nm0397171', 'Bryce Dallas Howard', '/name/nm0397171/?ref_=tt_ov_st', 240),
(241, NULL, 'nm0000156', 'Jeff Goldblum', '/name/nm0000156?ref_=tt_cl_t_9', 241),
(242, NULL, 'nm0695435', 'Chris Pratt', '/name/nm0695435?ref_=tt_cl_t_1', 242),
(243, NULL, 'nm0397171', 'Bryce Dallas Howard', '/name/nm0397171?ref_=tt_cl_t_2', 243),
(244, NULL, 'nm1134945', 'John Schwab', '/name/nm1134945?ref_=tt_cl_t_16', 244),
(245, NULL, 'nm4427331', 'Daniella Pineda', '/name/nm4427331?ref_=tt_cl_t_5', 245),
(246, NULL, 'nm0000703', 'BD Wong', '/name/nm0000703?ref_=tt_cl_t_10', 246),
(247, NULL, 'nm0429363', 'Toby Jones', '/name/nm0429363?ref_=tt_cl_t_7', 247),
(248, NULL, 'nm4826554', 'Charlie Rawes', '/name/nm4826554?ref_=tt_cl_t_18', 248),
(249, NULL, 'nm0001036', 'Geraldine Chaplin', '/name/nm0001036?ref_=tt_cl_t_11', 249),
(250, NULL, 'nm0505971', 'Ted Levine', '/name/nm0505971?ref_=tt_cl_t_8', 250),
(251, NULL, 'nm6442861', 'Kevin Layne', '/name/nm6442861?ref_=tt_cl_t_15', 251),
(252, NULL, 'nm0714866', 'Sam Redford', '/name/nm0714866?ref_=tt_cl_t_17', 252),
(253, NULL, 'nm9830820', 'Isabella Sermon', '/name/nm9830820?ref_=tt_cl_t_12', 253),
(254, NULL, 'nm0419273', 'Peter Jason', '/name/nm0419273?ref_=tt_cl_t_14', 254),
(255, NULL, 'nm6819854', 'Justice Smith', '/name/nm6819854?ref_=tt_cl_t_4', 255),
(256, NULL, 'nm1245863', 'Rafe Spall', '/name/nm1245863?ref_=tt_cl_t_3', 256),
(257, NULL, 'nm0000342', 'James Cromwell', '/name/nm0000342?ref_=tt_cl_t_6', 257),
(258, NULL, 'nm3016166', 'Robert Emms', '/name/nm3016166?ref_=tt_cl_t_13', 258),
(259, NULL, 'nm0000375', 'Robert Downey Jr.', '/name/nm0000375/?ref_=tt_ov_st', 259),
(260, NULL, 'nm1165110', 'Chris Hemsworth', '/name/nm1165110/?ref_=tt_ov_st', 260),
(261, NULL, 'nm0749263', 'Mark Ruffalo', '/name/nm0749263/?ref_=tt_ov_st', 261),
(262, NULL, 'nm0424060', 'Scarlett Johansson', '/name/nm0424060?ref_=tt_cl_t_5', 262),
(263, NULL, 'nm4043618', 'Tom Holland', '/name/nm4043618?ref_=tt_cl_t_8', 263),
(264, NULL, 'nm0647634', 'Elizabeth Olsen', '/name/nm0647634?ref_=tt_cl_t_14', 264),
(265, NULL, 'nm0262635', 'Chris Evans', '/name/nm0262635?ref_=tt_cl_t_4', 265),
(266, NULL, 'nm0000375', 'Robert Downey Jr.', '/name/nm0000375?ref_=tt_cl_t_1', 266),
(267, NULL, 'nm2394794', 'Karen Gillan', '/name/nm2394794?ref_=tt_cl_t_11', 267),
(268, NULL, 'nm1089991', 'Tom Hiddleston', '/name/nm1089991?ref_=tt_cl_t_12', 268),
(269, NULL, 'nm1165110', 'Chris Hemsworth', '/name/nm1165110?ref_=tt_cl_t_2', 269),
(270, NULL, 'nm0757855', 'Zoe Saldana', '/name/nm0757855?ref_=tt_cl_t_10', 270),
(271, NULL, 'nm0749263', 'Mark Ruffalo', '/name/nm0749263?ref_=tt_cl_t_3', 271),
(272, NULL, 'nm1775091', 'Danai Gurira', '/name/nm1775091?ref_=tt_cl_t_18', 272),
(273, NULL, 'nm0079273', 'Paul Bettany', '/name/nm0079273?ref_=tt_cl_t_13', 273),
(274, NULL, 'nm1659221', 'Sebastian Stan', '/name/nm1659221?ref_=tt_cl_t_16', 274),
(275, NULL, 'nm1107001', 'Anthony Mackie', '/name/nm1107001?ref_=tt_cl_t_15', 275),
(276, NULL, 'nm1212722', 'Benedict Cumberbatch', '/name/nm1212722?ref_=tt_cl_t_7', 276),
(277, NULL, 'nm0252961', 'Idris Elba', '/name/nm0252961?ref_=tt_cl_t_17', 277),
(278, NULL, 'nm1569276', 'Chadwick Boseman', '/name/nm1569276?ref_=tt_cl_t_9', 278),
(279, NULL, 'nm0000332', 'Don Cheadle', '/name/nm0000332?ref_=tt_cl_t_6', 279),
(280, NULL, 'nm0397171', 'Bryce Dallas Howard', '/name/nm0397171/?ref_=tt_ov_st', 280),
(281, NULL, 'nm3965748', 'Zach King', '/name/nm3965748/?ref_=tt_ov_st', 281),
(282, NULL, 'nm0695435', 'Chris Pratt', '/name/nm0695435/?ref_=tt_ov_st', 282),
(283, NULL, 'nm3965748', 'Zach King', '/name/nm3965748?ref_=tt_cl_t_1', 283),
(284, NULL, 'nm0695435', 'Chris Pratt', '/name/nm0695435?ref_=tt_cl_t_2', 284),
(285, NULL, 'nm7805923', 'Cole LaBrant', '/name/nm7805923?ref_=tt_cl_t_4', 285),
(286, NULL, 'nm0397171', 'Bryce Dallas Howard', '/name/nm0397171?ref_=tt_cl_t_3', 286),
(287, NULL, 'nm0695435', 'Chris Pratt', '/name/nm0695435/?ref_=tt_ov_st', 287),
(288, NULL, 'nm1176985', 'Dave Bautista', '/name/nm1176985/?ref_=tt_ov_st', 288),
(289, NULL, 'nm0001327', 'David Hasselhoff', '/name/nm0001327/?ref_=tt_ov_st', 289),
(290, NULL, 'nm0757855', 'Zoe Saldana', '/name/nm0757855?ref_=tt_cl_t_5', 290),
(291, NULL, 'nm0001327', 'David Hasselhoff', '/name/nm0001327?ref_=tt_cl_t_1', 291),
(292, NULL, 'nm2281865', 'Guillermo Rodriguez', '/name/nm2281865?ref_=tt_cl_t_11', 292),
(293, NULL, 'nm2394794', 'Karen Gillan', '/name/nm2394794?ref_=tt_cl_t_4', 293),
(294, NULL, 'nm2962353', 'Pom Klementieff', '/name/nm2962353?ref_=tt_cl_t_9', 294),
(295, NULL, 'nm0348231', 'Sean Gunn', '/name/nm0348231?ref_=tt_cl_t_8', 295),
(296, NULL, 'nm0498278', 'Stan Lee', '/name/nm0498278?ref_=tt_cl_t_10', 296),
(297, NULL, 'nm0740264', 'Michael Rooker', '/name/nm0740264?ref_=tt_cl_t_6', 297),
(298, NULL, 'nm0695435', 'Chris Pratt', '/name/nm0695435?ref_=tt_cl_t_2', 298),
(299, NULL, 'nm1176985', 'Dave Bautista', '/name/nm1176985?ref_=tt_cl_t_3', 299),
(300, NULL, 'nm0348181', 'James Gunn', '/name/nm0348181?ref_=tt_cl_t_7', 300),
(301, NULL, 'nm2962353', 'Pom Klementieff', '/name/nm2962353?ref_=tt_cl_t_6', 301),
(302, NULL, 'nm0001125', 'Benicio Del Toro', '/name/nm0001125?ref_=tt_cl_t_7', 302),
(303, NULL, 'nm0757855', 'Zoe Saldana', '/name/nm0757855?ref_=tt_cl_t_3', 303),
(304, NULL, 'nm0498278', 'Stan Lee', '/name/nm0498278?ref_=tt_cl_t_9', 304),
(305, NULL, 'nm0695435', 'Chris Pratt', '/name/nm0695435?ref_=tt_cl_t_2', 305),
(306, NULL, 'nm1176985', 'Dave Bautista', '/name/nm1176985?ref_=tt_cl_t_4', 306),
(307, NULL, 'nm1166041', 'Ophelia Lovibond', '/name/nm1166041?ref_=tt_cl_t_8', 307),
(308, NULL, 'nm0004874', 'Vin Diesel', '/name/nm0004874?ref_=tt_cl_t_5', 308),
(309, NULL, 'nm0177896', 'Bradley Cooper', '/name/nm0177896?ref_=tt_cl_t_1', 309),
(310, NULL, 'nm0757855', 'Zoe Saldana', '/name/nm0757855/?ref_=tt_ov_st', 310),
(311, NULL, 'nm0695435', 'Chris Pratt', '/name/nm0695435/?ref_=tt_ov_st', 311),
(312, NULL, 'nm1176985', 'Dave Bautista', '/name/nm1176985/?ref_=tt_ov_st', 312),
(313, NULL, 'nm6282315', 'Hannah Harlow', '/name/nm6282315?ref_=tt_cl_t_17', 313),
(314, NULL, 'nm0757855', 'Zoe Saldana', '/name/nm0757855?ref_=tt_cl_t_2', 314),
(315, NULL, 'nm2962353', 'Pom Klementieff', '/name/nm2962353?ref_=tt_cl_t_8', 315),
(316, NULL, 'nm0695435', 'Chris Pratt', '/name/nm0695435?ref_=tt_cl_t_1', 316),
(317, NULL, 'nm2652095', 'Laura Haddock', '/name/nm2652095?ref_=tt_cl_t_15', 317),
(318, NULL, 'nm2884388', 'Chris Sullivan', '/name/nm2884388?ref_=tt_cl_t_12', 318),
(319, NULL, 'nm0777125', 'Aaron Schwartz', '/name/nm0777125?ref_=tt_cl_t_16', 319),
(320, NULL, 'nm4456120', 'Elizabeth Debicki', '/name/nm4456120?ref_=tt_cl_t_11', 320),
(321, NULL, 'nm1176985', 'Dave Bautista', '/name/nm1176985?ref_=tt_cl_t_3', 321),
(322, NULL, 'nm0004874', 'Vin Diesel', '/name/nm0004874?ref_=tt_cl_t_4', 322),
(323, NULL, 'nm0281107', 'Tommy Flanagan', '/name/nm0281107?ref_=tt_cl_t_14', 323),
(324, NULL, 'nm0740264', 'Michael Rooker', '/name/nm0740264?ref_=tt_cl_t_6', 324),
(325, NULL, 'nm0000230', 'Sylvester Stallone', '/name/nm0000230?ref_=tt_cl_t_9', 325),
(326, NULL, 'nm0177896', 'Bradley Cooper', '/name/nm0177896?ref_=tt_cl_t_5', 326),
(327, NULL, 'nm0348231', 'Sean Gunn', '/name/nm0348231?ref_=tt_cl_t_13', 327),
(328, NULL, 'nm5167893', 'Hilty Bowen', '/name/nm5167893?ref_=tt_cl_t_18', 328),
(329, NULL, 'nm0000621', 'Kurt Russell', '/name/nm0000621?ref_=tt_cl_t_10', 329),
(330, NULL, 'nm2394794', 'Karen Gillan', '/name/nm2394794?ref_=tt_cl_t_7', 330),
(331, NULL, 'nm0005049', 'Allison Janney', '/name/nm0005049/?ref_=tt_ov_st', 331),
(332, NULL, 'nm0448252', 'Mimi Kennedy', '/name/nm0448252/?ref_=tt_ov_st', 332),
(333, NULL, 'nm0267506', 'Anna Faris', '/name/nm0267506/?ref_=tt_ov_st', 333),
(334, NULL, 'nm0001629', 'Kevin Pollak', '/name/nm0001629?ref_=tt_cl_t_16', 334),
(335, NULL, 'nm0891647', 'Miles J.D. Vedder', '/name/nm0891647?ref_=tt_cl_t_18', 335),
(336, NULL, 'nm0005326', 'Jaime Pressly', '/name/nm0005326?ref_=tt_cl_t_5', 336),
(337, NULL, 'nm1763390', 'Reggie De Leon', '/name/nm1763390?ref_=tt_cl_t_14', 337),
(338, NULL, 'nm0267506', 'Anna Faris', '/name/nm0267506?ref_=tt_cl_t_2', 338),
(339, NULL, 'nm3970180', 'Sadie Calvano', '/name/nm3970180?ref_=tt_cl_t_10', 339),
(340, NULL, 'nm0766005', 'Will Sasso', '/name/nm0766005?ref_=tt_cl_t_17', 340),
(341, NULL, 'nm1305105', 'Beth Hall', '/name/nm1305105?ref_=tt_cl_t_4', 341),
(342, NULL, 'nm1638022', 'Spencer Daniels', '/name/nm1638022?ref_=tt_cl_t_11', 342),
(343, NULL, 'nm0425616', 'Lauri Johnson', '/name/nm0425616?ref_=tt_cl_t_15', 343),
(344, NULL, 'nm0001209', 'William Fichtner', '/name/nm0001209?ref_=tt_cl_t_6', 344),
(345, NULL, 'nm3905909', 'Blake Garrett Rosenthal', '/name/nm3905909?ref_=tt_cl_t_9', 345),
(346, NULL, 'nm2804503', 'Matt Jones', '/name/nm2804503?ref_=tt_cl_t_8', 346),
(347, NULL, 'nm0005060', 'Kristen Johnston', '/name/nm0005060?ref_=tt_cl_t_7', 347),
(348, NULL, 'nm1682319', 'Nate Corddry', '/name/nm1682319?ref_=tt_cl_t_13', 348),
(349, NULL, 'nm0448252', 'Mimi Kennedy', '/name/nm0448252?ref_=tt_cl_t_3', 349),
(350, NULL, 'nm0005049', 'Allison Janney', '/name/nm0005049?ref_=tt_cl_t_1', 350),
(351, NULL, 'nm0829390', 'French Stewart', '/name/nm0829390?ref_=tt_cl_t_12', 351),
(352, NULL, 'nm0695435', 'Chris Pratt', '/name/nm0695435/?ref_=tt_ov_st', 352),
(353, NULL, 'nm0790688', 'Michael Sheen', '/name/nm0790688/?ref_=tt_ov_st', 353),
(354, NULL, 'nm2225369', 'Jennifer Lawrence', '/name/nm2225369/?ref_=tt_ov_st', 354),
(355, NULL, 'nm3562253', 'Conor Brophy', '/name/nm3562253?ref_=tt_cl_t_8', 355),
(356, NULL, 'nm4563780', 'Aurora Perrineau', '/name/nm4563780?ref_=tt_cl_t_10', 356),
(357, NULL, 'nm0000401', 'Laurence Fishburne', '/name/nm0000401?ref_=tt_cl_t_4', 357),
(358, NULL, 'nm0249283', 'Chris Edgerly', '/name/nm0249283?ref_=tt_cl_t_18', 358),
(359, NULL, 'nm6486546', 'Kristin Brock', '/name/nm6486546?ref_=tt_cl_t_13', 359),
(360, NULL, 'nm8642986', 'Quansae Rutledge', '/name/nm8642986?ref_=tt_cl_t_15', 360),
(361, NULL, 'nm7880074', 'Tom Ferrari', '/name/nm7880074?ref_=tt_cl_t_14', 361),
(362, NULL, 'nm0790688', 'Michael Sheen', '/name/nm0790688?ref_=tt_cl_t_3', 362),
(363, NULL, 'nm2365632', 'Vince Foster', '/name/nm2365632?ref_=tt_cl_t_6', 363),
(364, NULL, 'nm2410458', 'Julee Cerda', '/name/nm2410458?ref_=tt_cl_t_9', 364),
(365, NULL, 'nm8642987', 'Desmond Reid', '/name/nm8642987?ref_=tt_cl_t_16', 365),
(366, NULL, 'nm8642985', 'Emerald Mayne', '/name/nm8642985?ref_=tt_cl_t_12', 366),
(367, NULL, 'nm0000412', 'Andy Garcia', '/name/nm0000412?ref_=tt_cl_t_5', 367),
(368, NULL, 'nm0307779', 'Emma Clarke', '/name/nm0307779?ref_=tt_cl_t_17', 368),
(369, NULL, 'nm5700607', 'Kara Flowers', '/name/nm5700607?ref_=tt_cl_t_7', 369),
(370, NULL, 'nm2124713', 'Lauren Farmer', '/name/nm2124713?ref_=tt_cl_t_11', 370),
(371, NULL, 'nm0695435', 'Chris Pratt', '/name/nm0695435?ref_=tt_cl_t_2', 371),
(372, NULL, 'nm2225369', 'Jennifer Lawrence', '/name/nm2225369?ref_=tt_cl_t_1', 372),
(373, NULL, 'nm0695435', 'Chris Pratt', '/name/nm0695435/?ref_=tt_ov_st', 373),
(374, NULL, 'nm0000160', 'Ethan Hawke', '/name/nm0000160/?ref_=tt_ov_st', 374),
(375, NULL, 'nm0000243', 'Denzel Washington', '/name/nm0000243/?ref_=tt_ov_st', 375),
(376, NULL, 'nm2636310', 'Manuel Garcia-Rulfo', '/name/nm2636310?ref_=tt_cl_t_6', 376),
(377, NULL, 'nm0000243', 'Denzel Washington', '/name/nm0000243?ref_=tt_cl_t_1', 377),
(378, NULL, 'nm0093589', 'Matt Bomer', '/name/nm0093589?ref_=tt_cl_t_11', 378),
(379, NULL, 'nm0430885', 'Jonathan Joss', '/name/nm0430885?ref_=tt_cl_t_12', 379),
(380, NULL, 'nm1556504', 'Emil Beheshti', '/name/nm1556504?ref_=tt_cl_t_14', 380),
(381, NULL, 'nm0000352', 'Vincent D\'Onofrio', '/name/nm0000352?ref_=tt_cl_t_4', 381),
(382, NULL, 'nm0765597', 'Peter Sarsgaard', '/name/nm0765597?ref_=tt_cl_t_9', 382),
(383, NULL, 'nm0496932', 'Lee Byung-hun', '/name/nm0496932?ref_=tt_cl_t_5', 383),
(384, NULL, 'nm2936232', 'Martin Sensmeier', '/name/nm2936232?ref_=tt_cl_t_7', 384),
(385, NULL, 'nm0695435', 'Chris Pratt', '/name/nm0695435?ref_=tt_cl_t_2', 385),
(386, NULL, 'nm2093766', 'Luke Grimes', '/name/nm2093766?ref_=tt_cl_t_10', 386),
(387, NULL, 'nm0039327', 'Mark Ashworth', '/name/nm0039327?ref_=tt_cl_t_15', 387),
(388, NULL, 'nm2247245', 'Haley Bennett', '/name/nm2247245?ref_=tt_cl_t_8', 388),
(389, NULL, 'nm6021414', 'Dodge Prince', '/name/nm6021414?ref_=tt_cl_t_17', 389),
(390, NULL, 'nm0692670', 'Matthew Posey', '/name/nm0692670?ref_=tt_cl_t_18', 390),
(391, NULL, 'nm0000160', 'Ethan Hawke', '/name/nm0000160?ref_=tt_cl_t_3', 391),
(392, NULL, 'nm1551999', 'Billy Slaughter', '/name/nm1551999?ref_=tt_cl_t_16', 392),
(393, NULL, 'nm1544217', 'Cam Gigandet', '/name/nm1544217?ref_=tt_cl_t_13', 393),
(394, NULL, 'nm2640887', 'Stefanie Scott', '/name/nm2640887/?ref_=tt_ov_st', 394),
(395, NULL, 'nm2874427', 'Aubrey Peeples', '/name/nm2874427/?ref_=tt_ov_st', 395),
(396, NULL, 'nm4563780', 'Aurora Perrineau', '/name/nm4563780/?ref_=tt_ov_st', 396),
(397, NULL, 'nm1783380', 'Jason Kennedy', '/name/nm1783380?ref_=tt_cl_t_8', 397),
(398, NULL, 'nm1994245', 'Nathan Moore', '/name/nm1994245?ref_=tt_cl_t_9', 398),
(399, NULL, 'nm0627612', 'Samantha Newark', '/name/nm0627612?ref_=tt_cl_t_14', 399),
(400, NULL, 'nm2640887', 'Stefanie Scott', '/name/nm2640887?ref_=tt_cl_t_2', 400),
(401, NULL, 'nm0115389', 'Marcei A. Brown', '/name/nm0115389?ref_=tt_cl_t_16', 401),
(402, NULL, 'nm0125070', 'Mischke Butler', '/name/nm0125070?ref_=tt_cl_t_13', 402),
(403, NULL, 'nm4554428', 'Ryan Guzman', '/name/nm4554428?ref_=tt_cl_t_11', 403),
(404, NULL, 'nm0139276', 'Barnaby Carpenter', '/name/nm0139276?ref_=tt_cl_t_7', 404),
(405, NULL, 'nm4563780', 'Aurora Perrineau', '/name/nm4563780?ref_=tt_cl_t_3', 405),
(406, NULL, 'nm0865626', 'Jackie Tohn', '/name/nm0865626?ref_=tt_cl_t_17', 406),
(407, NULL, 'nm3072243', 'Hayley Kiyoko', '/name/nm3072243?ref_=tt_cl_t_4', 407),
(408, NULL, 'nm2874427', 'Aubrey Peeples', '/name/nm2874427?ref_=tt_cl_t_1', 408),
(409, NULL, 'nm0000208', 'Molly Ringwald', '/name/nm0000208?ref_=tt_cl_t_5', 409),
(410, NULL, 'nm6038328', 'Isabella Kai', '/name/nm6038328?ref_=tt_cl_t_6', 410),
(411, NULL, 'nm5125858', 'Justin Alastair', '/name/nm5125858?ref_=tt_cl_t_12', 411),
(412, NULL, 'nm0000496', 'Juliette Lewis', '/name/nm0000496?ref_=tt_cl_t_10', 412),
(413, NULL, 'nm1790066', 'Ken Baker', '/name/nm1790066?ref_=tt_cl_t_18', 413),
(414, NULL, 'nm2878801', 'Christopher Scott', '/name/nm2878801?ref_=tt_cl_t_15', 414),
(415, NULL, 'nm1154161', 'Laura Bailey', '/name/nm1154161?ref_=tt_cl_t_4', 415),
(416, NULL, 'nm0048982', 'Tom Baker', '/name/nm0048982?ref_=tt_cl_t_6', 416),
(417, NULL, 'nm1982510', 'Jenna Coleman', '/name/nm1982510?ref_=tt_cl_t_18', 417),
(418, NULL, 'nm0048346', 'Colin Baker', '/name/nm0048346?ref_=tt_cl_t_5', 418),
(419, NULL, 'nm0169934', 'Mindy Cohn', '/name/nm0169934?ref_=tt_cl_t_17', 419),
(420, NULL, 'nm0057882', 'John Barrowman', '/name/nm0057882?ref_=tt_cl_t_9', 420),
(421, NULL, 'nm0144657', 'Dan Castellaneta', '/name/nm0144657?ref_=tt_cl_t_16', 421),
(422, NULL, 'nm1555340', 'Alison Brie', '/name/nm1555340?ref_=tt_cl_t_13', 422),
(423, NULL, 'nm0089217', 'Orlando Bloom', '/name/nm0089217?ref_=tt_cl_t_11', 423),
(424, NULL, 'nm0004715', 'Will Arnett', '/name/nm0004715?ref_=tt_cl_t_1', 424),
(425, NULL, 'nm0000101', 'Dan Aykroyd', '/name/nm0000101?ref_=tt_cl_t_3', 425),
(426, NULL, 'nm0134922', 'Peter Capaldi', '/name/nm0134922?ref_=tt_cl_t_14', 426),
(427, NULL, 'nm0089141', 'Brian Bloom', '/name/nm0089141?ref_=tt_cl_t_10', 427),
(428, NULL, 'nm0000276', 'Sean Astin', '/name/nm0000276?ref_=tt_cl_t_2', 428),
(429, NULL, 'nm1684869', 'Troy Baker', '/name/nm1684869?ref_=tt_cl_t_7', 429),
(430, NULL, 'nm0143599', 'Johnny Cash', '/name/nm0143599?ref_=tt_cl_t_15', 430),
(431, NULL, 'nm0089707', 'Steve Blum', '/name/nm0089707?ref_=tt_cl_t_12', 431),
(432, NULL, 'nm0006969', 'Elizabeth Banks', '/name/nm0006969?ref_=tt_cl_t_8', 432),
(433, NULL, 'nm3324982', 'Kyle Mooney', '/name/nm3324982/?ref_=tt_ov_st', 433),
(434, NULL, 'nm3080722', 'Beck Bennett', '/name/nm3080722/?ref_=tt_ov_st', 434),
(435, NULL, 'nm0860380', 'Kenan Thompson', '/name/nm0860380/?ref_=tt_ov_st', 435),
(436, NULL, 'nm0203457', 'Pete Davidson', '/name/nm0203457?ref_=tt_cl_t_9', 436),
(437, NULL, 'nm3080722', 'Beck Bennett', '/name/nm3080722?ref_=tt_cl_t_1', 437),
(438, NULL, 'nm5412083', 'Chris Redd', '/name/nm5412083?ref_=tt_cl_t_14', 438),
(439, NULL, 'nm3982894', 'Jay Pharoah', '/name/nm3982894?ref_=tt_cl_t_13', 439),
(440, NULL, 'nm5262775', 'Aidy Bryant', '/name/nm5262775?ref_=tt_cl_t_4', 440),
(441, NULL, 'nm3324982', 'Kyle Mooney', '/name/nm3324982?ref_=tt_cl_t_3', 441),
(442, NULL, 'nm0352778', 'Bill Hader', '/name/nm0352778?ref_=tt_cl_t_17', 442),
(443, NULL, 'nm3830257', 'Melissa Villaseñor', '/name/nm3830257?ref_=tt_cl_t_16', 443),
(444, NULL, 'nm5803981', 'Alex Moffat', '/name/nm5803981?ref_=tt_cl_t_18', 444),
(445, NULL, 'nm0860380', 'Kenan Thompson', '/name/nm0860380?ref_=tt_cl_t_2', 445),
(446, NULL, 'nm5906920', 'Heidi Gardner', '/name/nm5906920?ref_=tt_cl_t_12', 446),
(447, NULL, 'nm0428656', 'Leslie Jones', '/name/nm0428656?ref_=tt_cl_t_15', 447),
(448, NULL, 'nm0453115', 'Taran Killam', '/name/nm0453115?ref_=tt_cl_t_7', 448),
(449, NULL, 'nm3364779', 'Vanessa Bayer', '/name/nm3364779?ref_=tt_cl_t_8', 449),
(450, NULL, 'nm1293885', 'Bobby Moynihan', '/name/nm1293885?ref_=tt_cl_t_11', 450),
(451, NULL, 'nm3550886', 'Sasheer Zamata', '/name/nm3550886?ref_=tt_cl_t_10', 451),
(452, NULL, 'nm5198446', 'Cecily Strong', '/name/nm5198446?ref_=tt_cl_t_5', 452),
(453, NULL, 'nm0571952', 'Kate McKinnon', '/name/nm0571952?ref_=tt_cl_t_6', 453),
(454, NULL, 'nm1460733', 'David Boat', '/name/nm1460733?ref_=tt_cl_t_5', 454),
(455, NULL, 'nm0105876', 'Wendy Braun', '/name/nm0105876?ref_=tt_cl_t_6', 455),
(456, NULL, 'nm4114475', 'Hayden Byerly', '/name/nm4114475?ref_=tt_cl_t_8', 456),
(457, NULL, 'nm0000352', 'Vincent D\'Onofrio', '/name/nm0000352?ref_=tt_cl_t_11', 457),
(458, NULL, 'nm1281932', 'Brian T. Delaney', '/name/nm1281932?ref_=tt_cl_t_10', 458),
(459, NULL, 'nm0293342', 'Crispin Freeman', '/name/nm0293342?ref_=tt_cl_t_16', 459),
(460, NULL, 'nm1072611', 'JB Blanc', '/name/nm1072611?ref_=tt_cl_t_4', 460),
(461, NULL, 'nm0266422', 'Jimmy Fallon', '/name/nm0266422?ref_=tt_cl_t_14', 461),
(462, NULL, 'nm0248074', 'Jake Eberle', '/name/nm0248074?ref_=tt_cl_t_13', 462),
(463, NULL, 'nm0145243', 'Aimée Castle', '/name/nm0145243?ref_=tt_cl_t_9', 463),
(464, NULL, 'nm0072829', 'John Eric Bentley', '/name/nm0072829?ref_=tt_cl_t_3', 464),
(465, NULL, 'nm3950075', 'Ashly Burch', '/name/nm3950075?ref_=tt_cl_t_7', 465),
(466, NULL, 'nm1584992', 'Keith Ferguson', '/name/nm1584992?ref_=tt_cl_t_15', 466),
(467, NULL, 'nm1684869', 'Troy Baker', '/name/nm1684869?ref_=tt_cl_t_2', 467),
(468, NULL, 'nm0016141', 'Carlos Alazraqui', '/name/nm0016141?ref_=tt_cl_t_1', 468),
(469, NULL, 'nm0235006', 'D.C. Douglas', '/name/nm0235006?ref_=tt_cl_t_12', 469),
(470, NULL, 'nm6388519', 'Jackson Gann', '/name/nm6388519?ref_=tt_cl_t_18', 470),
(471, NULL, 'nm0295597', 'Chris Fries', '/name/nm0295597?ref_=tt_cl_t_17', 471),
(472, NULL, 'nm0695435', 'Chris Pratt', '/name/nm0695435/?ref_=tt_ov_st', 472),
(473, NULL, 'nm1339223', 'Ty Simpkins', '/name/nm1339223/?ref_=tt_ov_st', 473),
(474, NULL, 'nm0397171', 'Bryce Dallas Howard', '/name/nm0397171/?ref_=tt_ov_st', 474),
(475, NULL, 'nm1339223', 'Ty Simpkins', '/name/nm1339223?ref_=tt_cl_t_3', 475),
(476, NULL, 'nm2692146', 'Katie McGrath', '/name/nm2692146?ref_=tt_cl_t_13', 476),
(477, NULL, 'nm0000352', 'Vincent D\'Onofrio', '/name/nm0000352?ref_=tt_cl_t_6', 477),
(478, NULL, 'nm1082477', 'Omar Sy', '/name/nm1082477?ref_=tt_cl_t_9', 478),
(479, NULL, 'nm0339460', 'Judy Greer', '/name/nm0339460?ref_=tt_cl_t_4', 479),
(480, NULL, 'nm0695435', 'Chris Pratt', '/name/nm0695435?ref_=tt_cl_t_1', 480),
(481, NULL, 'nm3083875', 'Courtney James Clark', '/name/nm3083875?ref_=tt_cl_t_16', 481),
(482, NULL, 'nm0266422', 'Jimmy Fallon', '/name/nm0266422?ref_=tt_cl_t_18', 482),
(483, NULL, 'nm1468061', 'Eric Edelstein', '/name/nm1468061?ref_=tt_cl_t_15', 483),
(484, NULL, 'nm0451234', 'Irrfan Khan', '/name/nm0451234?ref_=tt_cl_t_5', 484),
(485, NULL, 'nm2952467', 'Andy Buckley', '/name/nm2952467?ref_=tt_cl_t_14', 485),
(486, NULL, 'nm0000703', 'BD Wong', '/name/nm0000703?ref_=tt_cl_t_10', 486),
(487, NULL, 'nm0974575', 'Brian Tee', '/name/nm0974575?ref_=tt_cl_t_12', 487),
(488, NULL, 'nm3538718', 'Nick Robinson', '/name/nm3538718?ref_=tt_cl_t_7', 488),
(489, NULL, 'nm4253352', 'Colby Boothman', '/name/nm4253352?ref_=tt_cl_t_17', 489),
(490, NULL, 'nm0397171', 'Bryce Dallas Howard', '/name/nm0397171?ref_=tt_cl_t_2', 490),
(491, NULL, 'nm1944055', 'Lauren Lapkus', '/name/nm1944055?ref_=tt_cl_t_11', 491),
(492, NULL, 'nm2159926', 'Jake Johnson', '/name/nm2159926?ref_=tt_cl_t_8', 492),
(493, NULL, 'nm0644406', 'Nick Offerman', '/name/nm0644406/?ref_=tt_ov_st', 493),
(494, NULL, 'nm0688132', 'Amy Poehler', '/name/nm0688132/?ref_=tt_ov_st', 494),
(495, NULL, 'nm0641389', 'Jim O\'Heir', '/name/nm0641389/?ref_=tt_ov_st', 495),
(496, NULL, 'nm0773973', 'Paul Schneider', '/name/nm0773973?ref_=tt_cl_t_12', 496),
(497, NULL, 'nm0688132', 'Amy Poehler', '/name/nm0688132?ref_=tt_cl_t_1', 497),
(498, NULL, 'nm3085284', 'Jay Jackson', '/name/nm3085284?ref_=tt_cl_t_11', 498),
(499, NULL, 'nm0004395', 'Adam Scott', '/name/nm0004395?ref_=tt_cl_t_9', 499),
(500, NULL, 'nm2813994', 'Billy Eichner', '/name/nm2813994?ref_=tt_cl_t_17', 500),
(501, NULL, 'nm0338783', 'James Greene', '/name/nm0338783?ref_=tt_cl_t_18', 501),
(502, NULL, 'nm0802876', 'Retta', '/name/nm0802876?ref_=tt_cl_t_7', 502),
(503, NULL, 'nm0641389', 'Jim O\'Heir', '/name/nm0641389?ref_=tt_cl_t_2', 503),
(504, NULL, 'nm0644406', 'Nick Offerman', '/name/nm0644406?ref_=tt_cl_t_3', 504),
(505, NULL, 'nm0429069', 'Rashida Jones', '/name/nm0429069?ref_=tt_cl_t_8', 505),
(506, NULL, 'nm0000507', 'Rob Lowe', '/name/nm0000507?ref_=tt_cl_t_10', 506),
(507, NULL, 'nm0321835', 'Jon Glaser', '/name/nm0321835?ref_=tt_cl_t_16', 507),
(508, NULL, 'nm2201555', 'Aubrey Plaza', '/name/nm2201555?ref_=tt_cl_t_5', 508),
(509, NULL, 'nm1645286', 'Yvans Jourdain', '/name/nm1645286?ref_=tt_cl_t_15', 509),
(510, NULL, 'nm2355635', 'Ben Schwartz', '/name/nm2355635?ref_=tt_cl_t_13', 510),
(511, NULL, 'nm0172558', 'Mo Collins', '/name/nm0172558?ref_=tt_cl_t_14', 511),
(512, NULL, 'nm0695435', 'Chris Pratt', '/name/nm0695435?ref_=tt_cl_t_4', 512),
(513, NULL, 'nm2106637', 'Aziz Ansari', '/name/nm2106637?ref_=tt_cl_t_6', 513);

-- --------------------------------------------------------

--
-- Structure de la table `film`
--

CREATE TABLE `film` (
  `id` bigint(20) NOT NULL,
  `anne_sortie` varchar(255) DEFAULT NULL,
  `id_imdb` varchar(255) DEFAULT NULL,
  `langue` varchar(255) DEFAULT NULL,
  `nom` varchar(255) DEFAULT NULL,
  `plot` varchar(255) DEFAULT NULL,
  `url` varchar(255) DEFAULT NULL,
  `pays` bigint(20) DEFAULT NULL
) ENGINE=InnoDB DEFAULT CHARSET=utf8mb4;

--
-- Déchargement des données de la table `film`
--

INSERT INTO `film` (`id`, `anne_sortie`, `id_imdb`, `langue`, `nom`, `plot`, `url`, `pays`) VALUES
(1, '', 'tt1801045', 'English', 'Cowboy Ninja Viking', 'A government program turns Duncan, a man who suffers from multiple personality disorder, into a super-soldier with the attributes of a cowboy, a ninja, and a Viking.', '/title/tt1801045/?ref_=nm_flmg_act_1', 1),
(2, '', 'tt7766378', 'English', 'The Electric State', 'An orphaned teenager traverses the American West with a sweet but mysterious robot and an eccentric drifter in search of her younger brother.', '/title/tt7766378/?ref_=nm_flmg_act_2', 1),
(3, '2023', 'tt5779228', 'English', 'Garfield', 'Animated feature film based on the popular comic strip about a sarcastic, lasagna-loving cat.', '/title/tt5779228/?ref_=nm_flmg_act_3', 1),
(4, '2023', 'tt6791350', 'English', 'Guardians of the Galaxy Vol. 3', NULL, '/title/tt6791350/?ref_=nm_flmg_act_4', 1),
(5, '2023', 'tt6718170', 'English', 'Untitled Super Mario Project', 'A plumber named Mario travels through an underground labyrinth with his brother, Luigi, trying to save a captured princess. Feature film adaptation of the popular video game.', '/title/tt6718170/?ref_=nm_flmg_act_5', 1),
(6, '2022', 'tt13623136', 'English', 'The Guardians of the Galaxy: Holiday Special', NULL, '/title/tt13623136/?ref_=nm_flmg_act_6', 1),
(7, '2022', 'tt11743610', 'English', 'La liste finale', NULL, '/title/tt11743610/?ref_=nm_flmg_act_7', 1),
(8, '2022', 'tt10648342', 'English', 'Thor: Love and Thunder', NULL, '/title/tt10648342/?ref_=nm_flmg_act_8', 2),
(9, '2022', 'tt8041270', 'English', 'Jurassic World: Le monde d\'après', NULL, '/title/tt8041270/?ref_=nm_flmg_act_9', 1),
(10, '2021', 'tt9777666', 'English', 'The Tomorrow War', NULL, '/title/tt9777666/?ref_=nm_flmg_act_10', 1),
(11, '2020', 'tt13976074', 'English', 'Onward: Magic Gems', '', '/title/tt13976074/?ref_=nm_flmg_act_11', 1),
(12, '2020/I', 'tt7146812', 'English', 'En avant', NULL, '/title/tt7146812/?ref_=nm_flmg_act_12', 1),
(13, '2019', 'tt11570434', 'English', 'Jurassic World: The Ride', 'Jurassic World Park Operations Manager Claire Dearing prepares upcoming riders to ride a new rollercoaster in the Raptor paddock while Raptor behavioral expert Owen McGrady warns against it.', '/title/tt11570434/?ref_=nm_flmg_act_13', 1),
(14, '2019', 'tt4154796', 'English', 'Avengers: Endgame', NULL, '/title/tt4154796/?ref_=nm_flmg_act_14', 1),
(15, '2019/II', 'tt4975920', 'English', 'The Kid', NULL, '/title/tt4975920/?ref_=nm_flmg_act_15', 1),
(16, '2019', 'tt11557906', 'English', 'The Lego Movie 2 Stars Take on Ellen\'s Game of Games', '', '/title/tt11557906/?ref_=nm_flmg_act_16', 3),
(17, '2019', 'tt3513498', 'English', 'La Grande Aventure Lego 2', NULL, '/title/tt3513498/?ref_=nm_flmg_act_17', 4),
(18, '2018', 'tt9410240', NULL, 'Emmet\'s Holiday Party: A Lego Movie Short', 'There\'s nothing like the holidays in Apocalypseburg.', '/title/tt9410240/?ref_=nm_flmg_act_18', 1),
(19, '2018', 'tt4881806', 'English', 'Jurassic World: Fallen Kingdom', NULL, '/title/tt4881806/?ref_=nm_flmg_act_19', 1),
(20, '2018', 'tt4154756', 'English', 'Avengers: Infinity War', NULL, '/title/tt4154756/?ref_=nm_flmg_act_20', 1),
(21, '2017', 'tt10800876', 'English', 'Jurassic World: Fallen Kingdom - The Trailer Rescue', 'A movie studio intern uses magic to help make sure the trailer for studio\'s blockbuster film is uploaded on time.', '/title/tt10800876/?ref_=nm_flmg_act_21', 1),
(22, '2017', 'tt7131308', 'English', 'Guardians of the Galaxy: Inferno', NULL, '/title/tt7131308/?ref_=nm_flmg_act_22', 1),
(23, '2017', 'tt7134278', 'English', 'Disneyland Resort: Guardians of the Galaxy - Mission Breakout!', 'After destroying Star Lord\'s evil father Ego. The Guardians of the Galaxy (except Mantis) have been captured by the Collector after he had heard that his fellow Elders of the Universe member... Read all', '/title/tt7134278/?ref_=nm_flmg_act_23', 1),
(24, '2017', 'tt3896198', 'English', 'Les Gardiens de la Galaxie Vol. 2', NULL, '/title/tt3896198/?ref_=nm_flmg_act_24', 1),
(25, '2017', 'tt2660806', 'English', 'Mom', NULL, '/title/tt2660806/?ref_=nm_flmg_act_25', 1),
(26, '2016/I', 'tt1355644', 'English', 'Passengers', NULL, '/title/tt1355644/?ref_=nm_flmg_act_26', 1),
(27, '2016', 'tt2404435', 'English', 'Les sept mercenaires', NULL, '/title/tt2404435/?ref_=nm_flmg_act_27', 1),
(28, '2015', 'tt3614530', 'English', 'Jem et les Hologrammes', NULL, '/title/tt3614530/?ref_=nm_flmg_act_28', 1),
(29, '2015', 'tt4656392', 'English', 'Lego Dimensions', NULL, '/title/tt4656392/?ref_=nm_flmg_act_29', 1),
(30, '2015', 'tt9881938', 'English', 'Saturday Night Live: Cut for Time', 'Saturday Night Live: Cut For Time consists of all of the sketches that didn\'t make it past dress rehearsal to air.', '/title/tt9881938/?ref_=nm_flmg_act_30', 1),
(31, '2015', 'tt4528890', 'English', 'Lego Jurassic World', NULL, '/title/tt4528890/?ref_=nm_flmg_act_31', 1),
(32, '2015', 'tt0369610', 'English', 'Jurassic World', NULL, '/title/tt0369610/?ref_=nm_flmg_act_32', 1),
(33, '2009-2015', 'tt1266020', 'English', 'Parks and Recreation', NULL, '/title/tt1266020/?ref_=nm_flmg_act_33', 1);

-- --------------------------------------------------------

--
-- Structure de la table `film_castingprincipal`
--

CREATE TABLE `film_castingprincipal` (
  `id_film` bigint(20) NOT NULL,
  `id_acteur` bigint(20) NOT NULL
) ENGINE=InnoDB DEFAULT CHARSET=utf8mb4;

--
-- Déchargement des données de la table `film_castingprincipal`
--

INSERT INTO `film_castingprincipal` (`id_film`, `id_acteur`) VALUES
(1, 1),
(1, 2),
(2, 5),
(2, 6),
(3, 9),
(3, 10),
(4, 13),
(4, 14),
(4, 15),
(6, 44),
(6, 45),
(6, 46),
(7, 57),
(7, 58),
(7, 59),
(8, 78),
(8, 79),
(8, 80),
(9, 99),
(9, 100),
(9, 101),
(10, 120),
(10, 121),
(10, 122),
(11, 141),
(11, 142),
(13, 158),
(13, 159),
(13, 160),
(14, 164),
(14, 165),
(14, 166),
(15, 185),
(15, 186),
(15, 187),
(19, 238),
(19, 239),
(19, 240),
(20, 259),
(20, 260),
(20, 261),
(21, 280),
(21, 281),
(21, 282),
(22, 287),
(22, 288),
(22, 289),
(24, 310),
(24, 311),
(24, 312),
(25, 331),
(25, 332),
(25, 333),
(26, 352),
(26, 353),
(26, 354),
(27, 373),
(27, 374),
(27, 375),
(28, 394),
(28, 395),
(28, 396),
(30, 433),
(30, 434),
(30, 435),
(32, 472),
(32, 473),
(32, 474),
(33, 493),
(33, 494),
(33, 495);

-- --------------------------------------------------------

--
-- Structure de la table `film_genre`
--

CREATE TABLE `film_genre` (
  `id_film` bigint(20) NOT NULL,
  `id_genre` bigint(20) NOT NULL
) ENGINE=InnoDB DEFAULT CHARSET=utf8mb4;

--
-- Déchargement des données de la table `film_genre`
--

INSERT INTO `film_genre` (`id_film`, `id_genre`) VALUES
(1, 1),
(1, 2),
(1, 3),
(2, 1),
(2, 2),
(2, 4),
(3, 5),
(3, 2),
(3, 3),
(4, 1),
(4, 2),
(4, 3),
(5, 5),
(5, 2),
(5, 3),
(6, 1),
(6, 2),
(6, 3),
(7, 1),
(7, 4),
(7, 6),
(8, 1),
(8, 2),
(8, 3),
(9, 1),
(9, 2),
(9, 7),
(10, 1),
(10, 2),
(10, 4),
(11, 5),
(11, 8),
(11, 3),
(12, 5),
(12, 2),
(12, 3),
(13, 8),
(13, 1),
(14, 1),
(14, 2),
(14, 4),
(15, 9),
(15, 4),
(15, 10),
(16, 5),
(16, 8),
(17, 5),
(17, 1),
(17, 2),
(18, 5),
(18, 8),
(18, 3),
(19, 1),
(19, 2),
(19, 7),
(20, 1),
(20, 2),
(20, 7),
(21, 8),
(21, 1),
(22, 8),
(22, 3),
(22, 11),
(23, 8),
(23, 1),
(23, 2),
(24, 1),
(24, 2),
(24, 3),
(25, 3),
(25, 4),
(25, 12),
(26, 4),
(26, 12),
(26, 7),
(27, 1),
(27, 2),
(27, 10),
(28, 2),
(28, 4),
(28, 13),
(29, 1),
(29, 2),
(29, 3),
(30, 3),
(31, 1),
(31, 2),
(31, 7),
(32, 1),
(32, 2),
(32, 7),
(33, 3);

-- --------------------------------------------------------

--
-- Structure de la table `film_lieutournage`
--

CREATE TABLE `film_lieutournage` (
  `id_film` bigint(20) NOT NULL,
  `id_lieutournage` bigint(20) NOT NULL
) ENGINE=InnoDB DEFAULT CHARSET=utf8mb4;

--
-- Déchargement des données de la table `film_lieutournage`
--

INSERT INTO `film_lieutournage` (`id_film`, `id_lieutournage`) VALUES
(2, 1),
(4, 2),
(5, 3),
(6, 4),
(7, 5),
(8, 6),
(9, 7),
(11, 8),
(12, 9),
(14, 10),
(15, 11),
(17, 12),
(19, 13),
(20, 14),
(21, 15),
(24, 16),
(25, 17),
(26, 18),
(27, 19),
(28, 20),
(32, 21),
(33, 22);

-- --------------------------------------------------------

--
-- Structure de la table `film_realisateur`
--

CREATE TABLE `film_realisateur` (
  `id_film` bigint(20) NOT NULL,
  `id_realisateur` bigint(20) NOT NULL
) ENGINE=InnoDB DEFAULT CHARSET=utf8mb4;

--
-- Déchargement des données de la table `film_realisateur`
--

INSERT INTO `film_realisateur` (`id_film`, `id_realisateur`) VALUES
(1, 1),
(2, 2),
(2, 3),
(3, 4),
(4, 5),
(5, 6),
(5, 7),
(6, 8),
(7, 9),
(8, 10),
(9, 11),
(10, 12),
(11, 13),
(11, 14),
(12, 15),
(13, 16),
(13, 17),
(14, 18),
(14, 19),
(15, 20),
(16, 21),
(17, 22),
(19, 23),
(20, 24),
(20, 25),
(21, 26),
(21, 27),
(22, 28),
(23, 29),
(24, 30),
(25, 31),
(25, 32),
(25, 33),
(26, 34),
(27, 35),
(28, 36),
(29, 37),
(30, 38),
(31, 39),
(32, 40),
(33, 41),
(33, 42);

-- --------------------------------------------------------

--
-- Structure de la table `film_role`
--

CREATE TABLE `film_role` (
  `id_film` bigint(20) NOT NULL,
  `id_role` bigint(20) NOT NULL
) ENGINE=InnoDB DEFAULT CHARSET=utf8mb4;

--
-- Déchargement des données de la table `film_role`
--

INSERT INTO `film_role` (`id_film`, `id_role`) VALUES
(1, 1),
(1, 2),
(2, 3),
(2, 4),
(3, 5),
(3, 6),
(4, 7),
(4, 8),
(4, 9),
(4, 10),
(4, 11),
(4, 12),
(4, 13),
(4, 14),
(4, 15),
(4, 16),
(4, 17),
(4, 18),
(4, 19),
(4, 20),
(4, 21),
(4, 22),
(4, 23),
(4, 24),
(5, 25),
(5, 26),
(5, 27),
(5, 28),
(5, 29),
(5, 30),
(5, 31),
(5, 32),
(5, 33),
(5, 34),
(6, 35),
(6, 36),
(6, 37),
(6, 38),
(6, 39),
(6, 40),
(6, 41),
(6, 42),
(6, 43),
(6, 44),
(7, 45),
(7, 46),
(7, 47),
(7, 48),
(7, 49),
(7, 50),
(7, 51),
(7, 52),
(7, 53),
(7, 54),
(7, 55),
(7, 56),
(7, 57),
(7, 58),
(7, 59),
(7, 60),
(7, 61),
(7, 62),
(8, 63),
(8, 64),
(8, 65),
(8, 66),
(8, 67),
(8, 68),
(8, 69),
(8, 70),
(8, 71),
(8, 72),
(8, 73),
(8, 74),
(8, 75),
(8, 76),
(8, 77),
(8, 78),
(8, 79),
(8, 80),
(9, 81),
(9, 82),
(9, 83),
(9, 84),
(9, 85),
(9, 86),
(9, 87),
(9, 88),
(9, 89),
(9, 90),
(9, 91),
(9, 92),
(9, 93),
(9, 94),
(9, 95),
(9, 96),
(9, 97),
(9, 98),
(10, 99),
(10, 100),
(10, 101),
(10, 102),
(10, 103),
(10, 104),
(10, 105),
(10, 106),
(10, 107),
(10, 108),
(10, 109),
(10, 110),
(10, 111),
(10, 112),
(10, 113),
(10, 114),
(10, 115),
(10, 116),
(11, 117),
(11, 118),
(12, 119),
(12, 120),
(12, 121),
(12, 122),
(12, 123),
(12, 124),
(12, 125),
(12, 126),
(12, 127),
(12, 128),
(12, 129),
(12, 130),
(12, 131),
(13, 132),
(13, 133),
(13, 134),
(14, 135),
(14, 136),
(14, 137),
(14, 138),
(14, 139),
(14, 140),
(14, 141),
(14, 142),
(14, 143),
(14, 144),
(14, 145),
(14, 146),
(14, 147),
(14, 148),
(14, 149),
(14, 150),
(14, 151),
(14, 152),
(15, 153),
(15, 154),
(15, 155),
(15, 156),
(15, 157),
(15, 158),
(15, 159),
(15, 160),
(15, 161),
(15, 162),
(15, 163),
(15, 164),
(15, 165),
(15, 166),
(15, 167),
(15, 168),
(15, 169),
(15, 170),
(16, 171),
(16, 172),
(16, 173),
(16, 174),
(16, 175),
(17, 176),
(17, 177),
(17, 178),
(17, 179),
(17, 180),
(17, 181),
(17, 182),
(17, 183),
(17, 184),
(17, 185),
(17, 186),
(17, 187),
(17, 188),
(17, 189),
(17, 190),
(17, 191),
(17, 192),
(17, 193),
(18, 194),
(18, 195),
(18, 196),
(18, 197),
(18, 198),
(18, 199),
(18, 200),
(18, 201),
(18, 202),
(19, 203),
(19, 204),
(19, 205),
(19, 206),
(19, 207),
(19, 208),
(19, 209),
(19, 210),
(19, 211),
(19, 212),
(19, 213),
(19, 214),
(19, 215),
(19, 216),
(19, 217),
(19, 218),
(19, 219),
(19, 220),
(20, 221),
(20, 222),
(20, 223),
(20, 224),
(20, 225),
(20, 226),
(20, 227),
(20, 228),
(20, 229),
(20, 230),
(20, 231),
(20, 232),
(20, 233),
(20, 234),
(20, 235),
(20, 236),
(20, 237),
(20, 238),
(21, 239),
(21, 240),
(21, 241),
(21, 242),
(22, 243),
(22, 244),
(22, 245),
(22, 246),
(22, 247),
(22, 248),
(22, 249),
(22, 250),
(22, 251),
(22, 252),
(22, 253),
(23, 254),
(23, 255),
(23, 256),
(23, 257),
(23, 258),
(23, 259),
(23, 260),
(23, 261),
(23, 262),
(24, 263),
(24, 264),
(24, 265),
(24, 266),
(24, 267),
(24, 268),
(24, 269),
(24, 270),
(24, 271),
(24, 272),
(24, 273),
(24, 274),
(24, 275),
(24, 276),
(24, 277),
(24, 278),
(24, 279),
(24, 280),
(25, 281),
(25, 282),
(25, 283),
(25, 284),
(25, 285),
(25, 286),
(25, 287),
(25, 288),
(25, 289),
(25, 290),
(25, 291),
(25, 292),
(25, 293),
(25, 294),
(25, 295),
(25, 296),
(25, 297),
(25, 298),
(26, 299),
(26, 300),
(26, 301),
(26, 302),
(26, 303),
(26, 304),
(26, 305),
(26, 306),
(26, 307),
(26, 308),
(26, 309),
(26, 310),
(26, 311),
(26, 312),
(26, 313),
(26, 314),
(26, 315),
(26, 316),
(27, 317),
(27, 318),
(27, 319),
(27, 320),
(27, 321),
(27, 322),
(27, 323),
(27, 324),
(27, 325),
(27, 326),
(27, 327),
(27, 328),
(27, 329),
(27, 330),
(27, 331),
(27, 332),
(27, 333),
(27, 334),
(28, 335),
(28, 336),
(28, 337),
(28, 338),
(28, 339),
(28, 340),
(28, 341),
(28, 342),
(28, 343),
(28, 344),
(28, 345),
(28, 346),
(28, 347),
(28, 348),
(28, 349),
(28, 350),
(28, 351),
(28, 352),
(29, 353),
(29, 354),
(29, 355),
(29, 356),
(29, 357),
(29, 358),
(29, 359),
(29, 360),
(29, 361),
(29, 362),
(29, 363),
(29, 364),
(29, 365),
(29, 366),
(29, 367),
(29, 368),
(29, 369),
(29, 370),
(30, 371),
(30, 372),
(30, 373),
(30, 374),
(30, 375),
(30, 376),
(30, 377),
(30, 378),
(30, 379),
(30, 380),
(30, 381),
(30, 382),
(30, 383),
(30, 384),
(30, 385),
(30, 386),
(30, 387),
(30, 388),
(31, 389),
(31, 390),
(31, 391),
(31, 392),
(31, 393),
(31, 394),
(31, 395),
(31, 396),
(31, 397),
(31, 398),
(31, 399),
(31, 400),
(31, 401),
(31, 402),
(31, 403),
(31, 404),
(31, 405),
(31, 406),
(32, 407),
(32, 408),
(32, 409),
(32, 410),
(32, 411),
(32, 412),
(32, 413),
(32, 414),
(32, 415),
(32, 416),
(32, 417),
(32, 418),
(32, 419),
(32, 420),
(32, 421),
(32, 422),
(32, 423),
(32, 424),
(33, 425),
(33, 426),
(33, 427),
(33, 428),
(33, 429),
(33, 430),
(33, 431),
(33, 432),
(33, 433),
(33, 434),
(33, 435),
(33, 436),
(33, 437),
(33, 438),
(33, 439),
(33, 440),
(33, 441),
(33, 442);

-- --------------------------------------------------------

--
-- Structure de la table `genre`
--

CREATE TABLE `genre` (
  `id` bigint(20) NOT NULL,
  `nom` varchar(255) DEFAULT NULL
) ENGINE=InnoDB DEFAULT CHARSET=utf8mb4;

--
-- Déchargement des données de la table `genre`
--

INSERT INTO `genre` (`id`, `nom`) VALUES
(1, 'Action'),
(2, 'Adventure'),
(3, 'Comedy'),
(4, 'Drama'),
(5, 'Animation'),
(6, 'Thriller'),
(7, 'Sci-Fi'),
(8, 'Short'),
(9, 'Biography'),
(10, 'Western'),
(11, 'Music'),
(12, 'Romance'),
(13, 'Family');

-- --------------------------------------------------------

--
-- Structure de la table `lieu_tournage`
--

CREATE TABLE `lieu_tournage` (
  `id` bigint(20) NOT NULL,
  `etat_dept` varchar(255) DEFAULT NULL,
  `pays` varchar(255) DEFAULT NULL,
  `ville` varchar(255) DEFAULT NULL
) ENGINE=InnoDB DEFAULT CHARSET=utf8mb4;

--
-- Déchargement des données de la table `lieu_tournage`
--

INSERT INTO `lieu_tournage` (`id`, `etat_dept`, `pays`, `ville`) VALUES
(1, ' Georgia', ' USA', 'Atlanta'),
(2, ' Georgia', ' USA', 'Atlanta'),
(3, 'Paris', ' France', ''),
(4, ' California', ' USA', 'Hollywood  Los Angeles'),
(5, ' California', ' USA', 'San Diego'),
(6, ' New South Wales', ' Australia', ' Moore Park  Sydney'),
(7, 'Valletta', ' Malta', ''),
(8, ' California', ' USA', 'Walt Disney Feature Animation - 500 S. Buena Vista Street  Burbank'),
(9, ' California', ' USA', 'Los Angeles'),
(10, ' England', ' UK', ' Durham  County Durham'),
(11, ' New Mexico', ' USA', 'Santa Fe'),
(12, ' New South Wales', 'United States', ' Moore Park  Sydney'),
(13, ' England', ' UK', ' Rothbury  Northumberland'),
(14, ' England', ' UK', ' Durham  County Durham'),
(15, ' California', ' USA', 'Universal Studios - 100 Universal City Plaza  Universal City'),
(16, ' Georgia', ' USA', 'Cartersville'),
(17, ' California', ' USA', ' Warner Brothers Burbank Studios - 4000 Warner Boulevard  Burbank'),
(18, ' Georgia', ' USA', 'Pinewood Atlanta Studios - 461 Sandy Creek Road  Fayetteville'),
(19, ' Arizona', ' USA', 'San Francisco Peaks'),
(20, ' California', ' USA', 'Los Angeles'),
(21, ' Hawaii', ' USA', ' Ka\'a\'awa  O\'ahu'),
(22, ' California', ' USA', 'City Hall - 100 N. Garfield Avenue  Pasadena');

-- --------------------------------------------------------

--
-- Structure de la table `naissance`
--

CREATE TABLE `naissance` (
  `id` bigint(20) NOT NULL,
  `datenaissance` varchar(255) DEFAULT NULL,
  `lieunaissance` varchar(255) DEFAULT NULL
) ENGINE=InnoDB DEFAULT CHARSET=utf8mb4;

--
-- Déchargement des données de la table `naissance`
--

INSERT INTO `naissance` (`id`, `datenaissance`, `lieunaissance`) VALUES
(1, '1979-6-21', 'Virginia, Minnesota, USA'),
(2, '1982-7-18', 'Jamshedpur, Bihar, India'),
(3, '1979-6-21', 'Virginia, Minnesota, USA'),
(4, '1982-7-18', 'Jamshedpur, Bihar, India'),
(5, '2004-2-19', 'Málaga, Andalucía, Spain'),
(6, '1979-6-21', 'Virginia, Minnesota, USA'),
(7, '2004-2-19', 'Málaga, Andalucía, Spain'),
(8, '1979-6-21', 'Virginia, Minnesota, USA'),
(9, '1979-6-21', 'Virginia, Minnesota, USA'),
(10, '1948-12-21', 'Washington D.C., USA'),
(11, '1979-6-21', 'Virginia, Minnesota, USA'),
(12, '1948-12-21', 'Washington D.C., USA'),
(13, '1969-1-18', 'Washington, District of Columbia, USA'),
(14, '1979-6-21', 'Virginia, Minnesota, USA'),
(15, '1978-6-19', 'Passaic, New Jersey, USA'),
(16, '1987-11-28', 'Inverness, Scotland, UK'),
(17, '1993-1-28', 'England, UK'),
(18, '1974-5-22', 'St. Louis, Missouri, USA'),
(19, '1978-6-19', 'Passaic, New Jersey, USA'),
(20, '1979-4-7', 'Manila, Philippines'),
(21, '1967-12-1', 'New York City, New York, USA'),
(22, '1990-8-24', 'Paris, France'),
(23, '', ''),
(24, '1975-0-0', 'Nigeria'),
(25, '1967-7-18', 'Alameda County, California, USA'),
(26, '1986-5-3', 'Quebec City, Quebec, Canada'),
(27, '', ''),
(28, '1979-6-21', 'Virginia, Minnesota, USA'),
(29, '1969-1-18', 'Washington, District of Columbia, USA'),
(30, '1996-11-1', 'Almada, Portugal'),
(31, '1946-7-6', 'New York City, New York, USA'),
(32, '1996-6-4', 'Burgas, Bulgaria'),
(33, '1975-1-5', 'Philadelphia, Pennsylvania, USA'),
(34, '1955-9-17', 'San Jose, California, USA'),
(35, '1973-7-8', 'Chicago, Illinois, USA'),
(36, '1979-6-21', 'Virginia, Minnesota, USA'),
(37, '1996-4-16', 'Miami, Florida, USA'),
(38, '1982-4-15', 'Vancouver, British Columbia, Canada'),
(39, '1966-12-4', 'Hattiesburg, Mississippi, USA'),
(40, '1971-3-22', 'Southfield, Michigan, USA'),
(41, '1964-10-25', 'Bronx, New York City, New York, USA'),
(42, '1976-2-9', 'New York City, New York, USA'),
(43, '1969-8-28', 'Hermosa Beach, California, USA'),
(44, '1979-6-21', 'Virginia, Minnesota, USA'),
(45, '1987-11-28', 'Inverness, Scotland, UK'),
(46, '1974-5-22', 'St. Louis, Missouri, USA'),
(47, '1974-5-22', 'St. Louis, Missouri, USA'),
(48, '1979-6-21', 'Virginia, Minnesota, USA'),
(49, '1978-6-19', 'Passaic, New Jersey, USA'),
(50, '1975-1-5', 'Philadelphia, Pennsylvania, USA'),
(51, '1967-7-18', 'Alameda County, California, USA'),
(52, '', ''),
(53, '1987-11-28', 'Inverness, Scotland, UK'),
(54, '1986-5-3', 'Quebec City, Quebec, Canada'),
(55, '1969-1-18', 'Washington, District of Columbia, USA'),
(56, '1967-12-1', 'New York City, New York, USA'),
(57, '1981-4-8', 'Kelowna, British Columbia, Canada'),
(58, '1979-6-21', 'Virginia, Minnesota, USA'),
(59, '1982-3-22', 'Richmond, Virginia, USA'),
(60, '1982-3-22', 'Richmond, Virginia, USA'),
(61, '1979-6-21', 'Virginia, Minnesota, USA'),
(62, '1961-1-19', 'Philadelphia, Pennsylvania, USA'),
(63, '', ''),
(64, '1993-11-4', 'Hickory, North Carolina, USA'),
(65, '1981-11-18', 'Whitestone, Queens, New York City, New York, USA'),
(66, '1975-5-23', 'San Francisco, California, USA'),
(67, '', ''),
(68, '', ''),
(69, '', ''),
(70, '1981-4-8', 'Kelowna, British Columbia, Canada'),
(71, '', ''),
(72, '1986-3-15', 'Sydney, New South Wales, Australia'),
(73, '1980-9-7', 'Panorama City, California, USA'),
(74, '1963-6-10', 'Tulsa, Oklahoma, USA'),
(75, '1961-11-18', 'New York City, New York, USA'),
(76, '', ''),
(77, '1989-5-29', 'Santa Monica, California, USA'),
(78, '1974-1-30', 'Haverfordwest, Pembrokeshire, Wales, UK'),
(79, '1983-8-11', 'Melbourne, Victoria, Australia'),
(80, '1981-6-9', 'Jerusalem, Israel'),
(81, '1973-8-25', 'Carbondale, Illinois, USA'),
(82, '1987-11-28', 'Inverness, Scotland, UK'),
(83, '1975-8-16', 'Wellington, New Zealand'),
(84, '1967-7-18', 'Alameda County, California, USA'),
(85, '1983-10-3', 'Los Angeles, California, USA'),
(86, '1984-3-12', 'Columbia, South Carolina, USA'),
(87, '1975-1-5', 'Philadelphia, Pennsylvania, USA'),
(88, '1979-6-21', 'Virginia, Minnesota, USA'),
(89, '', ''),
(90, '1974-1-30', 'Haverfordwest, Pembrokeshire, Wales, UK'),
(91, '', ''),
(92, '1969-1-18', 'Washington, District of Columbia, USA'),
(93, '1983-8-11', 'Melbourne, Victoria, Australia'),
(94, '1986-5-3', 'Quebec City, Quebec, Canada'),
(95, '', ''),
(96, '1981-6-9', 'Jerusalem, Israel'),
(97, '1964-4-7', 'Wellington, New Zealand'),
(98, '1974-5-22', 'St. Louis, Missouri, USA'),
(99, '1981-3-2', 'Los Angeles, California, USA'),
(100, '1979-6-21', 'Virginia, Minnesota, USA'),
(101, '1967-2-10', 'Saint John\'s Health Center, Santa Monica, Los Angeles County, California, USA'),
(102, '1995-1-24', 'Missouri, USA'),
(103, '1967-2-10', 'Saint John\'s Health Center, Santa Monica, Los Angeles County, California, USA'),
(104, '1960-10-24', 'San Francisco, California, USA'),
(105, '1987-2-20', 'Oakland, California, USA'),
(106, '1979-6-21', 'Virginia, Minnesota, USA'),
(107, '1981-3-2', 'Los Angeles, California, USA'),
(108, '1952-10-22', 'Pittsburgh, Pennsylvania, USA'),
(109, '', ''),
(110, '1978-1-20', 'Trappes, Yvelines, France'),
(111, '', ''),
(112, '1977-2-18', 'Reno, Nevada, USA'),
(113, '1982-2-22', 'Kathmandu, Nepal'),
(114, '1961-7-19', 'New York City, New York, USA'),
(115, '1984-5-30', 'Jessup, Maryland, USA'),
(116, '2006-7-8', 'London, England'),
(117, '1993-6-28', 'Dallas, Texas, USA'),
(118, '1947-9-14', 'Omagh, Co. Tyrone, Northern Ireland, UK'),
(119, '1995-8-9', 'Los Angeles, California, USA'),
(120, '1955-1-9', 'Grosse Pointe, Michigan, USA'),
(121, '1982-7-30', 'Maroubra, Sydney, New South Wales, Australia'),
(122, '1979-6-21', 'Virginia, Minnesota, USA'),
(123, '', ''),
(124, '1982-7-30', 'Maroubra, Sydney, New South Wales, Australia'),
(125, '1992-8-22', 'Sacramento, California, USA'),
(126, '', ''),
(127, '', ''),
(128, '', ''),
(129, '', ''),
(130, '1979-6-21', 'Virginia, Minnesota, USA'),
(131, '1986-7-21', 'New York City, New York, USA'),
(132, '1991-3-25', 'Burbank, California, USA'),
(133, '1985-1-26', 'Onslow County, North Carolina, USA'),
(134, '1971-6-22', 'Detroit, Michigan, USA'),
(135, '', ''),
(136, '', ''),
(137, '2010-3-10', 'New York, USA'),
(138, '1984-1-12', 'Detroit, Michigan, USA'),
(139, '', ''),
(140, '1955-1-9', 'Grosse Pointe, Michigan, USA'),
(141, '1979-6-21', 'Virginia, Minnesota, USA'),
(142, '1996-6-1', 'Kingston upon Thames, England, UK'),
(143, '1996-6-1', 'Kingston upon Thames, England, UK'),
(144, '1979-6-21', 'Virginia, Minnesota, USA'),
(145, '1961-1-13', 'New York City, New York, USA'),
(146, '1973-8-24', 'Fort Ord, California, USA'),
(147, '1984-5-17', 'Chicago, Illinois, USA'),
(148, '1959-12-30', 'Slough, Berkshire, England, UK'),
(149, '', ''),
(150, '1996-6-1', 'Kingston upon Thames, England, UK'),
(151, '1970-5-25', 'Montgomery, Alabama, USA'),
(152, '1979-6-21', 'Virginia, Minnesota, USA'),
(153, '1975-9-10', 'Mishawaka, Indiana, USA'),
(154, '1947-4-6', 'Bridgeport, Connecticut, USA'),
(155, '1980-1-30', 'Miami, Florida, USA'),
(156, '1973-6-12', 'Miami, Florida, USA'),
(157, '1982-4-19', 'San Francisco, California, USA'),
(158, '1960-10-24', 'San Francisco, California, USA'),
(159, '1979-6-21', 'Virginia, Minnesota, USA'),
(160, '1981-3-2', 'Los Angeles, California, USA'),
(161, '1979-6-21', 'Virginia, Minnesota, USA'),
(162, '1960-10-24', 'San Francisco, California, USA'),
(163, '1981-3-2', 'Los Angeles, California, USA'),
(164, '1965-4-4', 'Manhattan, New York City, New York, USA'),
(165, '1981-6-13', 'Boston, Massachusetts, USA'),
(166, '1967-11-22', 'Kenosha, Wisconsin, USA'),
(167, '1996-6-1', 'Kingston upon Thames, England, UK'),
(168, '1976-7-19', 'Hammersmith, London, England, UK'),
(169, '1983-8-11', 'Melbourne, Victoria, Australia'),
(170, '1954-2-17', 'Burbank, California, USA'),
(171, '1978-6-19', 'Passaic, New Jersey, USA'),
(172, '1989-2-16', 'Los Angeles, California, USA'),
(173, '1979-8-3', 'Fort Saskatchewan, Alberta, Canada'),
(174, '1964-11-29', 'Kansas City, Missouri, USA'),
(175, '1969-4-6', 'Passaic, New Jersey, USA'),
(176, '1976-11-29', 'Anderson, South Carolina, USA'),
(177, '1984-11-22', 'Manhattan, New York City, New York, USA'),
(178, '1983-10-3', 'Los Angeles, California, USA'),
(179, '1965-4-4', 'Manhattan, New York City, New York, USA'),
(180, '1971-1-7', 'Modesto, California, USA'),
(181, '1981-6-13', 'Boston, Massachusetts, USA'),
(182, '1989-10-1', 'Sacramento, California, USA'),
(183, '1967-11-22', 'Kenosha, Wisconsin, USA'),
(184, '1987-11-28', 'Inverness, Scotland, UK'),
(185, '1979-6-21', 'Virginia, Minnesota, USA'),
(186, '', ''),
(187, '1992-3-20', 'Sydney, New South Wales, Australia'),
(188, '', ''),
(189, '', ''),
(190, '', ''),
(191, '', ''),
(192, '', ''),
(193, '1977-6-0', 'Little Rock, Arkansas, USA'),
(194, '', ''),
(195, '1992-3-20', 'Sydney, New South Wales, Australia'),
(196, '', ''),
(197, '', ''),
(198, '', ''),
(199, '1959-6-30', 'Brooklyn, New York City, New York, USA'),
(200, '1979-6-21', 'Virginia, Minnesota, USA'),
(201, '', ''),
(202, '', ''),
(203, '', ''),
(204, '1986-2-6', 'Allentown, Pennsylvania, USA'),
(205, '1970-11-6', 'Austin, Texas, USA'),
(206, '1970-5-4', 'Toronto, Ontario, Canada'),
(207, '1979-6-21', 'Virginia, Minnesota, USA'),
(208, '1981-2-10', 'Neuquén, Argentina'),
(209, '1958-1-26', 'Metairie, Louisiana, USA'),
(210, '1974-2-10', 'Pittsfield, Massachusetts, USA'),
(211, '', ''),
(212, '1979-8-1', 'Honolulu, Hawaii, USA'),
(213, '2010-5-4', 'Winter Springs, Florida, USA'),
(214, '1982-12-29', 'Hollywood, Los Angeles, California, USA'),
(215, '1981-2-10', 'Neuquén, Argentina'),
(216, '1981-9-15', 'Bronx, New York, USA'),
(217, '1980-4-26', 'Cullman, Alabama, USA'),
(218, '1979-6-21', 'Virginia, Minnesota, USA'),
(219, '1973-5-21', 'Westminster, London, England, UK'),
(220, '1976-2-9', 'New York City, New York, USA'),
(221, '1979-12-3', 'Los Angeles, California, USA'),
(222, '1970-5-4', 'Toronto, Ontario, Canada'),
(223, '1983-12-20', 'Los Angeles, California, USA'),
(224, '1967-7-16', 'Irvine, California, USA'),
(225, '1977-5-23', 'Hammersmith, London, England, UK'),
(226, '1972-7-27', 'Gainesville, Florida, USA'),
(227, '1974-2-10', 'Pittsfield, Massachusetts, USA'),
(228, '1970-6-26', 'Joliet, Illinois, USA'),
(229, '1981-2-10', 'Neuquén, Argentina'),
(230, '1976-2-9', 'New York City, New York, USA'),
(231, '1979-6-21', 'Virginia, Minnesota, USA'),
(232, '1974-2-10', 'Pittsfield, Massachusetts, USA'),
(233, '1982-12-29', 'Hollywood, Los Angeles, California, USA'),
(234, '1962-8-29', 'Burnaby, British Columbia, Canada'),
(235, '1970-5-4', 'Toronto, Ontario, Canada'),
(236, '1979-12-3', 'Los Angeles, California, USA'),
(237, '1970-6-26', 'Joliet, Illinois, USA'),
(238, '1979-6-21', 'Virginia, Minnesota, USA'),
(239, '1983-3-10', 'Camberwell, London, England, UK'),
(240, '1981-3-2', 'Los Angeles, California, USA'),
(241, '1952-10-22', 'Pittsburgh, Pennsylvania, USA'),
(242, '1979-6-21', 'Virginia, Minnesota, USA'),
(243, '1981-3-2', 'Los Angeles, California, USA'),
(244, '1972-9-15', 'Pensacola, Florida, USA'),
(245, '1987-2-20', 'Oakland, California, USA'),
(246, '1960-10-24', 'San Francisco, California, USA'),
(247, '1966-9-7', 'Hammersmith, London, England, UK'),
(248, '', ''),
(249, '1944-7-31', 'Santa Monica, California, USA'),
(250, '1957-5-29', 'Bellaire, Ohio, USA'),
(251, '', ''),
(252, '', ''),
(253, '2006-7-8', 'London, England'),
(254, '1944-7-22', 'Hollywood, California, USA'),
(255, '1995-8-9', 'Los Angeles, California, USA'),
(256, '1983-3-10', 'Camberwell, London, England, UK'),
(257, '1940-1-27', 'Los Angeles, California, USA'),
(258, '1986-5-20', 'Horley, Surrey, England, UK'),
(259, '1965-4-4', 'Manhattan, New York City, New York, USA'),
(260, '1983-8-11', 'Melbourne, Victoria, Australia'),
(261, '1967-11-22', 'Kenosha, Wisconsin, USA'),
(262, '1984-11-22', 'Manhattan, New York City, New York, USA'),
(263, '1996-6-1', 'Kingston upon Thames, England, UK'),
(264, '1989-2-16', 'Los Angeles, California, USA'),
(265, '1981-6-13', 'Boston, Massachusetts, USA'),
(266, '1965-4-4', 'Manhattan, New York City, New York, USA'),
(267, '1987-11-28', 'Inverness, Scotland, UK'),
(268, '1981-2-9', 'Westminster, London, England, UK'),
(269, '1983-8-11', 'Melbourne, Victoria, Australia'),
(270, '1978-6-19', 'Passaic, New Jersey, USA'),
(271, '1967-11-22', 'Kenosha, Wisconsin, USA'),
(272, '1978-2-14', 'Grinnell, Iowa, USA'),
(273, '1971-5-27', 'Harlesden, London, England, UK'),
(274, '1982-8-13', 'Constanta, Romania'),
(275, '1978-9-23', 'New Orleans, Louisiana, USA'),
(276, '1976-7-19', 'Hammersmith, London, England, UK'),
(277, '1972-9-6', 'Hackney, London, England, UK'),
(278, '1976-11-29', 'Anderson, South Carolina, USA'),
(279, '1964-11-29', 'Kansas City, Missouri, USA'),
(280, '1981-3-2', 'Los Angeles, California, USA'),
(281, '1990-2-4', 'Portland, Oregon, USA'),
(282, '1979-6-21', 'Virginia, Minnesota, USA'),
(283, '1990-2-4', 'Portland, Oregon, USA'),
(284, '1979-6-21', 'Virginia, Minnesota, USA'),
(285, '', ''),
(286, '1981-3-2', 'Los Angeles, California, USA'),
(287, '1979-6-21', 'Virginia, Minnesota, USA'),
(288, '1969-1-18', 'Washington, District of Columbia, USA'),
(289, '1952-7-17', 'Baltimore, Maryland, USA'),
(290, '1978-6-19', 'Passaic, New Jersey, USA'),
(291, '1952-7-17', 'Baltimore, Maryland, USA'),
(292, '1971-1-27', 'Mexico'),
(293, '1987-11-28', 'Inverness, Scotland, UK'),
(294, '1986-5-3', 'Quebec City, Quebec, Canada'),
(295, '1974-5-22', 'St. Louis, Missouri, USA'),
(296, '1922-12-28', 'New York City, New York, USA'),
(297, '1955-4-6', 'Jasper, Alabama, USA'),
(298, '1979-6-21', 'Virginia, Minnesota, USA'),
(299, '1969-1-18', 'Washington, District of Columbia, USA'),
(300, '1966-8-5', 'St. Louis, Missouri, USA'),
(301, '1986-5-3', 'Quebec City, Quebec, Canada'),
(302, '1967-2-19', 'San Germán, Puerto Rico'),
(303, '1978-6-19', 'Passaic, New Jersey, USA'),
(304, '1922-12-28', 'New York City, New York, USA'),
(305, '1979-6-21', 'Virginia, Minnesota, USA'),
(306, '1969-1-18', 'Washington, District of Columbia, USA'),
(307, '1986-2-19', 'London, England, UK'),
(308, '1967-7-18', 'Alameda County, California, USA'),
(309, '1975-1-5', 'Philadelphia, Pennsylvania, USA'),
(310, '1978-6-19', 'Passaic, New Jersey, USA'),
(311, '1979-6-21', 'Virginia, Minnesota, USA'),
(312, '1969-1-18', 'Washington, District of Columbia, USA'),
(313, '', ''),
(314, '1978-6-19', 'Passaic, New Jersey, USA'),
(315, '1986-5-3', 'Quebec City, Quebec, Canada'),
(316, '1979-6-21', 'Virginia, Minnesota, USA'),
(317, '1985-8-21', 'England, UK'),
(318, '1980-7-19', 'Palm Springs, California, USA'),
(319, '1981-1-4', 'New York City, New York, USA'),
(320, '1990-8-24', 'Paris, France'),
(321, '1969-1-18', 'Washington, District of Columbia, USA'),
(322, '1967-7-18', 'Alameda County, California, USA'),
(323, '1965-7-3', 'Glasgow, Scotland, UK'),
(324, '1955-4-6', 'Jasper, Alabama, USA'),
(325, '1946-7-6', 'New York City, New York, USA'),
(326, '1975-1-5', 'Philadelphia, Pennsylvania, USA'),
(327, '1974-5-22', 'St. Louis, Missouri, USA'),
(328, '', ''),
(329, '1951-3-17', 'Springfield, Massachusetts, USA'),
(330, '1987-11-28', 'Inverness, Scotland, UK'),
(331, '1959-11-19', 'Boston, Massachusetts, USA'),
(332, '1948-9-25', 'Rochester, New York, USA'),
(333, '1976-11-29', 'Baltimore, Maryland, USA'),
(334, '1957-10-30', 'San Francisco, California, USA'),
(335, '', ''),
(336, '1977-7-30', 'Kinston, North Carolina, USA'),
(337, '', ''),
(338, '1976-11-29', 'Baltimore, Maryland, USA'),
(339, '1997-4-8', 'Los Angeles, California, USA'),
(340, '1975-5-24', 'Ladner, British Columbia, Canada'),
(341, '', ''),
(342, '1992-12-23', 'Tarzana, California, USA'),
(343, '1949-12-27', 'Santa Monica, California, USA'),
(344, '1956-11-27', 'Mitchell Field Air Force Base, East Meadow, Long Island, New York, USA'),
(345, '', ''),
(346, '1981-11-1', 'Sacramento, California, USA'),
(347, '1967-9-20', 'Washington, District of Columbia, USA'),
(348, '1977-9-8', 'Weymouth, Massachusetts, USA'),
(349, '1948-9-25', 'Rochester, New York, USA'),
(350, '1959-11-19', 'Boston, Massachusetts, USA'),
(351, '1964-2-20', 'Albuquerque, New Mexico, USA'),
(352, '1979-6-21', 'Virginia, Minnesota, USA'),
(353, '1969-2-5', 'Newport, Gwent, Wales, UK'),
(354, '1990-8-15', 'Louisville, Kentucky, USA'),
(355, '', ''),
(356, '', ''),
(357, '1961-7-30', 'Augusta, Georgia, USA'),
(358, '1969-8-6', 'Silver Spring, Maryland, USA'),
(359, '', ''),
(360, '', ''),
(361, '', ''),
(362, '1969-2-5', 'Newport, Gwent, Wales, UK'),
(363, '', ''),
(364, '1978-1-29', 'Seoul, South Korea'),
(365, '', ''),
(366, '', ''),
(367, '1956-4-12', 'Havana, Cuba'),
(368, '', ''),
(369, '1984-12-28', 'Kansas, USA'),
(370, '', ''),
(371, '1979-6-21', 'Virginia, Minnesota, USA'),
(372, '1990-8-15', 'Louisville, Kentucky, USA'),
(373, '1979-6-21', 'Virginia, Minnesota, USA'),
(374, '1970-11-6', 'Austin, Texas, USA'),
(375, '1954-12-28', 'Mount Vernon, New York, USA'),
(376, '1981-2-25', 'Guadalajara, Jalisco, Mexico'),
(377, '1954-12-28', 'Mount Vernon, New York, USA'),
(378, '1977-10-11', 'Webster Groves, Missouri, USA'),
(379, '1965-0-0', 'San Antonio, Texas, USA'),
(380, '1971-7-15', 'Forest Hills, Queens, New York, USA'),
(381, '1959-6-30', 'Brooklyn, New York City, New York, USA'),
(382, '1971-3-7', 'Belleville, Illinois, USA'),
(383, '1970-7-12', 'Seoul, South Korea'),
(384, '', ''),
(385, '1979-6-21', 'Virginia, Minnesota, USA'),
(386, '1984-1-21', 'Dayton, Ohio, USA'),
(387, '', ''),
(388, '1988-1-7', 'Fort Myers, Florida, USA'),
(389, '', ''),
(390, '1958-7-31', 'Dallas, Texas, USA'),
(391, '1970-11-6', 'Austin, Texas, USA'),
(392, '1980-6-3', 'New Orleans, Louisiana, USA'),
(393, '1982-8-16', 'Tacoma, Washington, USA'),
(394, '1996-12-6', 'Chicago, Illinois, USA'),
(395, '1993-11-27', 'Lake Mary, Florida, USA'),
(396, '', ''),
(397, '1981-12-11', 'Fort Lauderdale, Florida, USA'),
(398, '', ''),
(399, '1967-6-27', 'London, England, UK'),
(400, '1996-12-6', 'Chicago, Illinois, USA'),
(401, '1963-0-0', ''),
(402, '', ''),
(403, '1987-9-21', 'Abilene, Texas, USA'),
(404, '', ''),
(405, '', ''),
(406, '1980-8-25', 'Oceanside, New York, USA'),
(407, '1991-4-3', 'Los Angeles, California, USA'),
(408, '1993-11-27', 'Lake Mary, Florida, USA'),
(409, '1968-2-18', 'Roseville, California, USA'),
(410, '2006-9-13', 'California, USA'),
(411, '', ''),
(412, '1973-6-21', 'Los Angeles, California, USA'),
(413, '1970-4-18', ''),
(414, '', ''),
(415, '1981-5-28', 'Biloxi, Mississippi, USA'),
(416, '1934-1-20', 'Liverpool, England, UK'),
(417, '1986-4-27', 'Blackpool, England, UK'),
(418, '1943-6-8', 'Waterloo, London, England, UK'),
(419, '1966-5-20', 'Los Angeles, California, USA'),
(420, '1967-3-11', 'Mount Vernon, Glasgow, Scotland, UK'),
(421, '1957-10-29', 'Chicago, Illinois, USA'),
(422, '1982-12-29', 'Hollywood, Los Angeles, California, USA'),
(423, '1977-1-13', 'Canterbury, Kent, England, UK'),
(424, '1970-5-4', 'Toronto, Ontario, Canada'),
(425, '1952-7-1', 'Ottawa, Ontario, Canada'),
(426, '1958-4-14', 'Glasgow, Scotland, UK'),
(427, '1970-6-30', 'Long Island, New York, USA'),
(428, '1971-2-25', 'Santa Monica, California, USA'),
(429, '1976-4-1', 'Dallas, Texas, USA'),
(430, '1932-2-26', 'Kingsland, Arkansas, USA'),
(431, '1960-4-29', 'Santa Monica, California, USA'),
(432, '1974-2-10', 'Pittsfield, Massachusetts, USA'),
(433, '1984-9-4', 'San Diego, California, USA'),
(434, '', ''),
(435, '1978-5-10', 'Atlanta, Georgia, USA'),
(436, '1993-11-16', 'Staten Island, New York City, New York, USA'),
(437, '', ''),
(438, '', ''),
(439, '1987-10-14', 'Chesapeake, Virginia, USA'),
(440, '1987-5-7', 'Phoenix, Arizona, USA'),
(441, '1984-9-4', 'San Diego, California, USA'),
(442, '1978-6-7', 'Tulsa, Oklahoma, USA'),
(443, '1987-10-9', 'Whittier, California, USA'),
(444, '1982-3-25', 'Chicago, Illinois, USA'),
(445, '1978-5-10', 'Atlanta, Georgia, USA'),
(446, '1983-7-27', 'Kansas City, Missouri, USA'),
(447, '1967-9-7', 'Memphis, Tennessee, USA'),
(448, '1982-4-1', 'Culver City, California, USA'),
(449, '1981-11-14', 'Cleveland, Ohio, USA'),
(450, '1977-1-31', 'Eastchester, New York, USA'),
(451, '1986-5-6', 'Indianapolis, Indiana, USA'),
(452, '1984-2-8', 'Springfield, Illinois, USA'),
(453, '1984-1-6', 'Sea Cliff, New York, USA'),
(454, '1959-9-22', 'Santa Clara County, California, USA'),
(455, '1970-4-5', 'Northbrook, Illinois, USA'),
(456, '2000-10-11', 'Lakewood, Colorado, USA'),
(457, '1959-6-30', 'Brooklyn, New York City, New York, USA'),
(458, '1976-11-17', 'Philadelphia, Pennsylvania, USA'),
(459, '1972-2-9', 'Chicago, Illinois, USA'),
(460, '1969-2-13', 'Paris, France'),
(461, '1974-9-19', 'Brooklyn, New York City, New York, USA'),
(462, '', ''),
(463, '1978-11-29', 'Montréal, Québec, Canada'),
(464, '1969-8-31', ''),
(465, '1990-6-19', 'Phoenix, Arizona, USA'),
(466, '1972-2-26', 'Los Angeles, California, USA'),
(467, '1976-4-1', 'Dallas, Texas, USA'),
(468, '1962-7-20', 'Yonkers, New York, USA'),
(469, '1966-2-2', 'Berkeley, California, USA'),
(470, '', ''),
(471, '1968-12-13', 'Chicago, Illinois, USA'),
(472, '1979-6-21', 'Virginia, Minnesota, USA'),
(473, '2001-8-6', 'New York City, New York, USA'),
(474, '1981-3-2', 'Los Angeles, California, USA'),
(475, '2001-8-6', 'New York City, New York, USA'),
(476, '1983-0-0', 'Ashford, County Wicklow, Ireland'),
(477, '1959-6-30', 'Brooklyn, New York City, New York, USA'),
(478, '1978-1-20', 'Trappes, Yvelines, France'),
(479, '1975-7-20', 'Detroit, Michigan, USA'),
(480, '1979-6-21', 'Virginia, Minnesota, USA'),
(481, '', ''),
(482, '1974-9-19', 'Brooklyn, New York City, New York, USA'),
(483, '1977-4-23', 'Patuxent River, Maryland, USA'),
(484, '1967-1-7', 'Jaipur, Rajasthan, India'),
(485, '1965-2-13', 'Salem, Massachusetts, USA'),
(486, '1960-10-24', 'San Francisco, California, USA'),
(487, '1977-3-15', 'Okinawa, Japan'),
(488, '1995-3-22', 'Seattle, Washington, USA'),
(489, '1992-7-4', 'Boston, Massachusetts, USA'),
(490, '1981-3-2', 'Los Angeles, California, USA'),
(491, '1985-9-6', 'Chicago, Illinois, USA'),
(492, '1978-5-28', 'Evanston, Illinois, USA'),
(493, '1970-6-26', 'Joliet, Illinois, USA'),
(494, '1971-9-16', 'Burlington, Massachusetts, USA'),
(495, '1962-2-4', 'Chicago, Illinois, USA'),
(496, '1976-3-16', 'Asheville, North Carolina, USA'),
(497, '1971-9-16', 'Burlington, Massachusetts, USA'),
(498, '', ''),
(499, '1973-4-3', 'Santa Cruz, California, USA'),
(500, '1978-9-18', 'New York City, New York, USA'),
(501, '1926-12-1', 'Lawrence, Massachusetts, USA'),
(502, '1970-4-12', 'Newark, New Jersey, USA'),
(503, '1962-2-4', 'Chicago, Illinois, USA'),
(504, '1970-6-26', 'Joliet, Illinois, USA'),
(505, '1976-2-25', 'Los Angeles, California, USA'),
(506, '1964-3-17', 'Charlottesville, Virginia, USA'),
(507, '1968-6-20', 'Chicago, Illinois, USA'),
(508, '1984-6-26', 'Wilmington, Delaware, USA'),
(509, '', ''),
(510, '1981-9-15', 'Bronx, New York, USA'),
(511, '1965-7-7', 'Minneapolis, Minnesota, USA'),
(512, '1979-6-21', 'Virginia, Minnesota, USA'),
(513, '1983-2-23', 'Columbia, South Carolina, USA');

-- --------------------------------------------------------

--
-- Structure de la table `pays`
--

CREATE TABLE `pays` (
  `id` bigint(20) NOT NULL,
  `nom` varchar(255) DEFAULT NULL,
  `url` varchar(255) DEFAULT NULL
) ENGINE=InnoDB DEFAULT CHARSET=utf8mb4;

--
-- Déchargement des données de la table `pays`
--

INSERT INTO `pays` (`id`, `nom`, `url`) VALUES
(1, 'United States', '/search/title/?country_of_origin=US&ref_=tt_dt_cn'),
(2, 'Australia', '/search/title/?country_of_origin=AU&ref_=tt_dt_cn'),
(3, 'Canada', '/search/title/?country_of_origin=CA&ref_=tt_dt_cn'),
(4, 'Denmark', '/search/title/?country_of_origin=DK&ref_=tt_dt_cn');

-- --------------------------------------------------------

--
-- Structure de la table `realisateur`
--

CREATE TABLE `realisateur` (
  `id` bigint(20) NOT NULL,
  `identite` varchar(255) DEFAULT NULL,
  `url` varchar(255) DEFAULT NULL
) ENGINE=InnoDB DEFAULT CHARSET=utf8mb4;

--
-- Déchargement des données de la table `realisateur`
--

INSERT INTO `realisateur` (`id`, `identite`, `url`) VALUES
(1, 'Michelle MacLaren', '/name/nm0533713/?ref_=tt_ov_dr'),
(2, 'Joe Russo', '/name/nm0751648/?ref_=tt_ov_dr'),
(3, 'Anthony Russo', '/name/nm0751577/?ref_=tt_ov_dr'),
(4, 'Mark Dindal', '/name/nm0227540/?ref_=tt_ov_dr'),
(5, 'James Gunn', '/name/nm0348181/?ref_=tt_ov_dr'),
(6, 'Aaron Horvath', '/name/nm1739338/?ref_=tt_ov_dr'),
(7, 'Michael Jelenic', '/name/nm2398585/?ref_=tt_ov_dr'),
(8, 'James Gunn', '/name/nm0348181/?ref_=tt_ov_dr'),
(9, 'United States', '/search/title/?country_of_origin=US&ref_=tt_dt_cn'),
(10, 'Taika Waititi', '/name/nm0169806/?ref_=tt_ov_dr'),
(11, 'Colin Trevorrow', '/name/nm1119880/?ref_=tt_ov_dr'),
(12, 'Chris McKay', '/name/nm0003021/?ref_=tt_ov_dr'),
(13, 'Tom Holland', '/name/nm4043618/?ref_=tt_ov_st'),
(14, 'Chris Pratt', '/name/nm0695435/?ref_=tt_ov_st'),
(15, 'Dan Scanlon', '/name/nm0768959/?ref_=tt_ov_dr'),
(16, 'Ben West', '/name/nm11646878/?ref_=tt_ov_dr'),
(17, 'Ben West', '/name/nm11656878/?ref_=tt_ov_dr'),
(18, 'Anthony Russo', '/name/nm0751577/?ref_=tt_ov_dr'),
(19, 'Joe Russo', '/name/nm0751648/?ref_=tt_ov_dr'),
(20, 'Vincent D\'Onofrio', '/name/nm0000352/?ref_=tt_ov_dr'),
(21, 'Canada', '/search/title/?country_of_origin=CA&ref_=tt_dt_cn'),
(22, 'Mike Mitchell', '/name/nm0593610/?ref_=tt_ov_dr'),
(23, 'J.A. Bayona', '/name/nm1291105/?ref_=tt_ov_dr'),
(24, 'Anthony Russo', '/name/nm0751577/?ref_=tt_ov_dr'),
(25, 'Joe Russo', '/name/nm0751648/?ref_=tt_ov_dr'),
(26, 'Jadon Gauthier', '/name/nm3290210/?ref_=tt_ov_dr'),
(27, 'Zach King', '/name/nm3965748/?ref_=tt_ov_dr'),
(28, 'David Yarovesky', '/name/nm0946521/?ref_=tt_ov_dr'),
(29, 'United States', '/search/title/?country_of_origin=US&ref_=tt_dt_cn'),
(30, 'James Gunn', '/name/nm0348181/?ref_=tt_ov_dr'),
(31, 'Chuck Lorre', '/name/nm0521143/?ref_=tt_ov_wr'),
(32, 'Eddie Gorodetsky', '/name/nm0331212/?ref_=tt_ov_wr'),
(33, 'Gemma Baker', '/name/nm0743048/?ref_=tt_ov_wr'),
(34, 'Morten Tyldum', '/name/nm0878763/?ref_=tt_ov_dr'),
(35, 'Antoine Fuqua', '/name/nm0298807/?ref_=tt_ov_dr'),
(36, 'Jon M. Chu', '/name/nm0160840/?ref_=tt_ov_dr'),
(37, 'United States', '/search/title/?country_of_origin=US&ref_=tt_dt_cn'),
(38, 'Lorne Michaels', '/name/nm0584427/?ref_=tt_ov_wr'),
(39, 'Jon Burton', '/name/nm2095224/?ref_=tt_ov_dr'),
(40, 'Colin Trevorrow', '/name/nm1119880/?ref_=tt_ov_dr'),
(41, 'Michael Schur', '/name/nm1321658/?ref_=tt_ov_wr'),
(42, 'Greg Daniels', '/name/nm0199948/?ref_=tt_ov_wr');

-- --------------------------------------------------------

--
-- Structure de la table `role`
--

CREATE TABLE `role` (
  `id` bigint(20) NOT NULL,
  `character_name` varchar(255) DEFAULT NULL,
  `film` varchar(255) DEFAULT NULL,
  `id_acteur` bigint(20) DEFAULT NULL
) ENGINE=InnoDB DEFAULT CHARSET=utf8mb4;

--
-- Déchargement des données de la table `role`
--

INSERT INTO `role` (`id`, `character_name`, `film`, `id_acteur`) VALUES
(1, 'Duncan', 'tt1801045', 3),
(2, '', 'tt1801045', 4),
(3, '', 'tt7766378', 7),
(4, '', 'tt7766378', 8),
(5, 'Garfield', 'tt5779228', 11),
(6, 'Vic', 'tt5779228', 12),
(7, 'Nebula', 'tt6791350', 16),
(8, 'Adam Warlock', 'tt6791350', 17),
(9, 'Kraglin', 'tt6791350', 18),
(10, 'Gamora', 'tt6791350', 19),
(11, '', 'tt6791350', 20),
(12, '', 'tt6791350', 21),
(13, 'Ayesha', 'tt6791350', 22),
(14, 'Behemoth', 'tt6791350', 23),
(15, '', 'tt6791350', 24),
(16, 'Groot', 'tt6791350', 25),
(17, 'Mantis', 'tt6791350', 26),
(18, 'Star Kid', 'tt6791350', 27),
(19, 'Peter Quill', 'tt6791350', 28),
(20, 'Drax', 'tt6791350', 29),
(21, '', 'tt6791350', 30),
(22, 'Stakar Ogord', 'tt6791350', 31),
(23, '', 'tt6791350', 32),
(24, 'Rocket', 'tt6791350', 33),
(25, '', 'tt6718170', 34),
(26, 'Spike', 'tt6718170', 35),
(27, 'Mario', 'tt6718170', 36),
(28, 'Princess Peach', 'tt6718170', 37),
(29, 'Donkey Kong', 'tt6718170', 38),
(30, 'Cranky Kong', 'tt6718170', 39),
(31, 'Toad', 'tt6718170', 40),
(32, 'Kamek', 'tt6718170', 41),
(33, 'Luigi', 'tt6718170', 42),
(34, 'Bowser', 'tt6718170', 43),
(35, 'Kraglin', 'tt13623136', 47),
(36, 'Peter Quill', 'tt13623136', 48),
(37, '', 'tt13623136', 49),
(38, 'Rocket Raccoon', 'tt13623136', 50),
(39, 'Groot', 'tt13623136', 51),
(40, 'Santa Claus', 'tt13623136', 52),
(41, 'Nebula', 'tt13623136', 53),
(42, 'Mantis', 'tt13623136', 54),
(43, 'Drax', 'tt13623136', 55),
(44, '', 'tt13623136', 56),
(45, 'Katie Buranek', 'tt11743610', 60),
(46, 'James Reece', 'tt11743610', 61),
(47, 'Mike Tedesco', 'tt11743610', 62),
(48, 'JAG Captain Howard', 'tt11743610', 63),
(49, 'Junior Alba', 'tt11743610', 64),
(50, 'Mac Wilson', 'tt11743610', 65),
(51, 'Commander Bill Cox', 'tt11743610', 66),
(52, 'Richard Fontana', 'tt11743610', 67),
(53, 'Ernest \'Boozer\' Vickers', 'tt11743610', 68),
(54, 'Nicole Deptula', 'tt11743610', 69),
(55, 'Ben Edwards', 'tt11743610', 70),
(56, 'Lucy Reece', 'tt11743610', 71),
(57, 'Steve Horn', 'tt11743610', 72),
(58, 'Tony Layun', 'tt11743610', 73),
(59, 'Secretary Hartley', 'tt11743610', 74),
(60, 'Admiral Gerald Pillar', 'tt11743610', 75),
(61, 'Liz Riley', 'tt11743610', 76),
(62, 'Lauren Reece', 'tt11743610', 77),
(63, 'Asgardian Stage Manager', 'tt10648342', 81),
(64, 'Nebula', 'tt10648342', 82),
(65, 'Korg', 'tt10648342', 83),
(66, 'Groot', 'tt10648342', 84),
(67, 'King Valkyrie', 'tt10648342', 85),
(68, 'Sif', 'tt10648342', 86),
(69, 'Rocket', 'tt10648342', 87),
(70, 'Peter Quill', 'tt10648342', 88),
(71, 'Asgardian Stagehand', 'tt10648342', 89),
(72, 'Gorr', 'tt10648342', 90),
(73, 'Miek', 'tt10648342', 91),
(74, 'Drax', 'tt10648342', 92),
(75, 'Thor', 'tt10648342', 93),
(76, 'Mantis', 'tt10648342', 94),
(77, 'Asgardian Stagehand', 'tt10648342', 95),
(78, 'Jane Foster', 'tt10648342', 96),
(79, 'Zeus', 'tt10648342', 97),
(80, 'Kraglin', 'tt10648342', 98),
(81, 'Jeremy Bernier', 'tt8041270', 102),
(82, 'Ellie Sattler', 'tt8041270', 103),
(83, 'Dr. Henry Wu', 'tt8041270', 104),
(84, 'Dr. Zia Rodriguez', 'tt8041270', 105),
(85, 'Owen Grady', 'tt8041270', 106),
(86, 'Claire Dearing', 'tt8041270', 107),
(87, 'Ian Malcolm', 'tt8041270', 108),
(88, 'Denise Roberts', 'tt8041270', 109),
(89, 'Barry Sembène', 'tt8041270', 110),
(90, 'Ramsay Cole', 'tt8041270', 111),
(91, 'Wyatt Huntley', 'tt8041270', 112),
(92, 'Soyona Santos', 'tt8041270', 113),
(93, 'Lewis Dodgson', 'tt8041270', 114),
(94, 'Kayla Watts', 'tt8041270', 115),
(95, 'Maisie Lockwood', 'tt8041270', 116),
(96, 'Rainn Delacourt', 'tt8041270', 117),
(97, 'Alan Grant', 'tt8041270', 118),
(98, 'Franklin Webb', 'tt8041270', 119),
(99, 'Lt. Ikemba', 'tt9777666', 123),
(100, 'Colonel Muri Forester', 'tt9777666', 124),
(101, 'Major Greenwood', 'tt9777666', 125),
(102, 'Tank', 'tt9777666', 126),
(103, 'Lt. Tran', 'tt9777666', 127),
(104, 'Diablo', 'tt9777666', 128),
(105, 'Lt. Hart', 'tt9777666', 129),
(106, 'Dan Forester', 'tt9777666', 130),
(107, 'Emmy Forester', 'tt9777666', 131),
(108, 'Sgt. Diaz', 'tt9777666', 132),
(109, 'Dorian', 'tt9777666', 133),
(110, 'Norah', 'tt9777666', 134),
(111, 'Dodd', 'tt9777666', 135),
(112, 'Rose', 'tt9777666', 136),
(113, 'Young Muri Forester', 'tt9777666', 137),
(114, 'Charlie', 'tt9777666', 138),
(115, 'Cowan', 'tt9777666', 139),
(116, 'James Forester', 'tt9777666', 140),
(117, 'Ian Lightfoot', 'tt13976074', 143),
(118, 'Barley Lightfoot', 'tt13976074', 144),
(119, 'Laurel Lightfoot', 'tt7146812', 145),
(120, 'Dewdrop (Pixie Dusters Leader)', 'tt7146812', 146),
(121, 'Officer Spector', 'tt7146812', 147),
(122, 'Grecklin (Pawn Shop Owner)', 'tt7146812', 148),
(123, 'Officer Avel', 'tt7146812', 149),
(124, 'Ian Lightfoot', 'tt7146812', 150),
(125, 'The Manticore', 'tt7146812', 151),
(126, 'Barley Lightfoot', 'tt7146812', 152),
(127, 'Wilden Lightfoot (Dad)', 'tt7146812', 153),
(128, 'Construction Worker Fenwick', 'tt7146812', 154),
(129, 'Gaxton (College Friend)', 'tt7146812', 155),
(130, 'Colt Bronco', 'tt7146812', 156),
(131, 'Officer Gore', 'tt7146812', 157),
(132, 'Owen Grady', 'tt11570434', 161),
(133, 'Dr. Wu', 'tt11570434', 162),
(134, 'Claire Dearing', 'tt11570434', 163),
(135, 'Peter Parker', 'tt4154796', 167),
(136, 'Doctor Strange', 'tt4154796', 168),
(137, 'Thor', 'tt4154796', 169),
(138, 'Frigga', 'tt4154796', 170),
(139, 'Gamora', 'tt4154796', 171),
(140, 'Wanda Maximoff', 'tt4154796', 172),
(141, 'Hope Van Dyne', 'tt4154796', 173),
(142, 'James Rhodes', 'tt4154796', 174),
(143, 'Scott Lang', 'tt4154796', 175),
(144, 'T\'Challa', 'tt4154796', 176),
(145, 'Natasha Romanoff', 'tt4154796', 177),
(146, 'Valkyrie', 'tt4154796', 178),
(147, 'Tony Stark', 'tt4154796', 179),
(148, 'Clint Barton', 'tt4154796', 180),
(149, 'Steve Rogers', 'tt4154796', 181),
(150, 'Carol Danvers', 'tt4154796', 182),
(151, 'Bruce Banner', 'tt4154796', 183),
(152, 'Nebula', 'tt4154796', 184),
(153, 'Bill Cutler', 'tt4975920', 188),
(154, 'Rio Cutler', 'tt4975920', 189),
(155, 'Cricket (a.k.a. Whore)', 'tt4975920', 190),
(156, 'Dave Rudabaugh', 'tt4975920', 191),
(157, 'First Reporter', 'tt4975920', 192),
(158, 'Jim East', 'tt4975920', 193),
(159, 'Tom Pickett', 'tt4975920', 194),
(160, 'Sara Cutler', 'tt4975920', 195),
(161, 'Charlie Bowdre', 'tt4975920', 196),
(162, 'Mirabel', 'tt4975920', 197),
(163, 'Paulita Maxwell', 'tt4975920', 198),
(164, 'Sheriff Romero', 'tt4975920', 199),
(165, 'Grant Cutler', 'tt4975920', 200),
(166, 'Oran Moler', 'tt4975920', 201),
(167, 'Manuela', 'tt4975920', 202),
(168, 'Billy Wilson', 'tt4975920', 203),
(169, 'Billy \'The Kid\' Bonney', 'tt4975920', 204),
(170, 'Sheriff Pat Garrett', 'tt4975920', 205),
(171, 'Batman', 'tt11557906', 206),
(172, 'Emmet Brickowski', 'tt11557906', 207),
(173, 'Sweet Mayhem', 'tt11557906', 208),
(174, 'Self - Host', 'tt11557906', 209),
(175, 'Lucy', 'tt11557906', 210),
(176, 'Finn', 'tt3513498', 211),
(177, 'Aquaman', 'tt3513498', 212),
(178, 'Bianca', 'tt3513498', 213),
(179, 'Unikitty', 'tt3513498', 214),
(180, 'General Mayhem', 'tt3513498', 215),
(181, 'Banarnar', 'tt3513498', 216),
(182, 'Superman', 'tt3513498', 217),
(183, 'Emmet Brickowski', 'tt3513498', 218),
(184, 'Balthazar', 'tt3513498', 219),
(185, 'Benny', 'tt3513498', 220),
(186, 'Queen Watevra Wa\'Nabi', 'tt3513498', 221),
(187, 'Batman', 'tt3513498', 222),
(188, 'Green Lantern', 'tt3513498', 223),
(189, 'President Business', 'tt3513498', 224),
(190, 'Ice Cream Cone', 'tt3513498', 225),
(191, 'Mom', 'tt3513498', 226),
(192, 'Wyldstyle', 'tt3513498', 227),
(193, 'MetalBeard', 'tt3513498', 228),
(194, 'Sweet Mayhem', 'tt9410240', 229),
(195, 'Benny', 'tt9410240', 230),
(196, 'Emmet Brickowski', 'tt9410240', 231),
(197, 'Lucy', 'tt9410240', 232),
(198, 'Unikitty', 'tt9410240', 233),
(199, 'Alfred Pennyworth', 'tt9410240', 234),
(200, 'Batman', 'tt9410240', 235),
(201, 'Queen Watevra Wa\'Nabi', 'tt9410240', 236),
(202, 'Metal Beard', 'tt9410240', 237),
(203, 'Ian Malcolm', 'tt4881806', 241),
(204, 'Owen Grady', 'tt4881806', 242),
(205, 'Claire Dearing', 'tt4881806', 243),
(206, 'Tech Operator', 'tt4881806', 244),
(207, 'Zia Rodriguez', 'tt4881806', 245),
(208, 'Dr. Wu', 'tt4881806', 246),
(209, 'Mr. Eversoll', 'tt4881806', 247),
(210, 'Lead Mercenary', 'tt4881806', 248),
(211, 'Iris', 'tt4881806', 249),
(212, 'Ken Wheatley', 'tt4881806', 250),
(213, 'Sub Pilot', 'tt4881806', 251),
(214, 'Helicopter Pilot', 'tt4881806', 252),
(215, 'Maisie Lockwood', 'tt4881806', 253),
(216, 'Senator Sherwood', 'tt4881806', 254),
(217, 'Franklin Webb', 'tt4881806', 255),
(218, 'Eli Mills', 'tt4881806', 256),
(219, 'Benjamin Lockwood', 'tt4881806', 257),
(220, 'Tech Merc', 'tt4881806', 258),
(221, 'Natasha Romanoff', 'tt4154756', 262),
(222, 'Peter Parker', 'tt4154756', 263),
(223, 'Wanda Maximoff', 'tt4154756', 264),
(224, 'Steve Rogers', 'tt4154756', 265),
(225, 'Tony Stark', 'tt4154756', 266),
(226, 'Nebula', 'tt4154756', 267),
(227, 'Loki', 'tt4154756', 268),
(228, 'Thor', 'tt4154756', 269),
(229, 'Gamora', 'tt4154756', 270),
(230, 'Bruce Banner', 'tt4154756', 271),
(231, 'Okoye', 'tt4154756', 272),
(232, 'Vision', 'tt4154756', 273),
(233, 'Bucky Barnes', 'tt4154756', 274),
(234, 'Sam Wilson', 'tt4154756', 275),
(235, 'Doctor Strange', 'tt4154756', 276),
(236, 'Heimdall', 'tt4154756', 277),
(237, 'T\'Challa', 'tt4154756', 278),
(238, 'James Rhodes', 'tt4154756', 279),
(239, 'Zach King', 'tt10800876', 283),
(240, 'Chris Pratt', 'tt10800876', 284),
(241, 'Cole LaBrant', 'tt10800876', 285),
(242, 'Bryce Dallas Howard', 'tt10800876', 286),
(243, 'Zoe Saldana', 'tt7131308', 290),
(244, 'Zardu Hasselfrau', 'tt7131308', 291),
(245, 'Guillermo Rodriguez', 'tt7131308', 292),
(246, 'Karen Gillan', 'tt7131308', 293),
(247, 'Pom Klementieff', 'tt7131308', 294),
(248, 'Sean Gunn', 'tt7131308', 295),
(249, 'Stan Lee', 'tt7131308', 296),
(250, 'Michael Rooker', 'tt7131308', 297),
(251, 'Chris Pratt', 'tt7131308', 298),
(252, 'Dave Bautista', 'tt7131308', 299),
(253, 'James Gunn', 'tt7131308', 300),
(254, 'Mantis', 'tt7134278', 301),
(255, 'The Collector', 'tt7134278', 302),
(256, 'Gamora', 'tt7134278', 303),
(257, 'Self', 'tt7134278', 304),
(258, 'Peter Quill', 'tt7134278', 305),
(259, 'Drax', 'tt7134278', 306),
(260, 'Carina Tivan', 'tt7134278', 307),
(261, 'Baby Groot', 'tt7134278', 308),
(262, 'Rocket Raccoon', 'tt7134278', 309),
(263, 'Sovereign Chambermaid', 'tt3896198', 313),
(264, 'Gamora', 'tt3896198', 314),
(265, 'Mantis', 'tt3896198', 315),
(266, 'Peter Quill', 'tt3896198', 316),
(267, 'Meredith Quill', 'tt3896198', 317),
(268, 'Taserface', 'tt3896198', 318),
(269, 'Young Ego Facial Reference', 'tt3896198', 319),
(270, 'Ayesha', 'tt3896198', 320),
(271, 'Drax', 'tt3896198', 321),
(272, 'Baby Groot', 'tt3896198', 322),
(273, 'Tullk', 'tt3896198', 323),
(274, 'Yondu', 'tt3896198', 324),
(275, 'Stakar Ogord', 'tt3896198', 325),
(276, 'Rocket', 'tt3896198', 326),
(277, 'Kraglin', 'tt3896198', 327),
(278, 'Sovereign Pilot', 'tt3896198', 328),
(279, 'Ego', 'tt3896198', 329),
(280, 'Nebula', 'tt3896198', 330),
(281, 'Alvin', 'tt2660806', 334),
(282, 'Expeditor', 'tt2660806', 335),
(283, 'Jill', 'tt2660806', 336),
(284, 'Paul', 'tt2660806', 337),
(285, 'Christy', 'tt2660806', 338),
(286, 'Violet', 'tt2660806', 339),
(287, 'Andy', 'tt2660806', 340),
(288, 'Wendy', 'tt2660806', 341),
(289, 'Luke', 'tt2660806', 342),
(290, 'Beatrice', 'tt2660806', 343),
(291, 'Adam', 'tt2660806', 344),
(292, 'Roscoe', 'tt2660806', 345),
(293, 'Baxter', 'tt2660806', 346),
(294, 'Tammy', 'tt2660806', 347),
(295, 'Gabriel', 'tt2660806', 348),
(296, 'Marjorie', 'tt2660806', 349),
(297, 'Bonnie', 'tt2660806', 350),
(298, 'Rudy', 'tt2660806', 351),
(299, 'Crew Member', 'tt1355644', 355),
(300, 'Best Friend', 'tt1355644', 356),
(301, 'Gus Mancuso', 'tt1355644', 357),
(302, 'InfoMat', 'tt1355644', 358),
(303, 'Party Friend', 'tt1355644', 359),
(304, 'Party Friend', 'tt1355644', 360),
(305, 'Party Friend', 'tt1355644', 361),
(306, 'Arthur', 'tt1355644', 362),
(307, 'Executive Officer', 'tt1355644', 363),
(308, 'Instructor (Hologram)', 'tt1355644', 364),
(309, 'Party Friend', 'tt1355644', 365),
(310, 'Party Friend', 'tt1355644', 366),
(311, 'Captain Norris', 'tt1355644', 367),
(312, 'Voice of the Avalon', 'tt1355644', 368),
(313, 'Communications Officer', 'tt1355644', 369),
(314, 'Party Friend', 'tt1355644', 370),
(315, 'Jim Preston', 'tt1355644', 371),
(316, 'Aurora Lane', 'tt1355644', 372),
(317, 'Vasquez', 'tt2404435', 376),
(318, 'Chisolm', 'tt2404435', 377),
(319, 'Matthew Cullen', 'tt2404435', 378),
(320, 'Denali', 'tt2404435', 379),
(321, 'Maxwell', 'tt2404435', 380),
(322, 'Jack Horne', 'tt2404435', 381),
(323, 'Bartholomew Bogue', 'tt2404435', 382),
(324, 'Billy Rocks', 'tt2404435', 383),
(325, 'Red Harvest', 'tt2404435', 384),
(326, 'Josh Faraday', 'tt2404435', 385),
(327, 'Teddy Q', 'tt2404435', 386),
(328, 'Preacher', 'tt2404435', 387),
(329, 'Emma Cullen', 'tt2404435', 388),
(330, 'Anthony', 'tt2404435', 389),
(331, 'Hank Stoner', 'tt2404435', 390),
(332, 'Goodnight Robicheaux', 'tt2404435', 391),
(333, 'Josiah', 'tt2404435', 392),
(334, 'McCann', 'tt2404435', 393),
(335, 'Jason Kennedy', 'tt3614530', 397),
(336, 'Zipper', 'tt3614530', 398),
(337, 'Hair Stylist', 'tt3614530', 399),
(338, 'Kimber', 'tt3614530', 400),
(339, 'Homeless Woman', 'tt3614530', 401),
(340, 'Vocal Coach', 'tt3614530', 402),
(341, 'Rio', 'tt3614530', 403),
(342, 'Emmett Benton', 'tt3614530', 404),
(343, 'Shana', 'tt3614530', 405),
(344, 'Rebecca', 'tt3614530', 406),
(345, 'Aja', 'tt3614530', 407),
(346, 'Jerrica', 'tt3614530', 408),
(347, 'Aunt Bailey', 'tt3614530', 409),
(348, 'Young Jerrica', 'tt3614530', 410),
(349, 'Esteban', 'tt3614530', 411),
(350, 'Erica Raymond', 'tt3614530', 412),
(351, 'Donnie the Reporter', 'tt3614530', 413),
(352, 'Choreographer', 'tt3614530', 414),
(353, 'Wonder Woman', 'tt4656392', 415),
(354, 'The Fourth Doctor', 'tt4656392', 416),
(355, 'Clara Oswald', 'tt4656392', 417),
(356, 'The Sixth Doctor', 'tt4656392', 418),
(357, 'Velma Dinkley', 'tt4656392', 419),
(358, 'Jack Harkness', 'tt4656392', 420),
(359, 'Homer Simpson', 'tt4656392', 421),
(360, 'Unikitty', 'tt4656392', 422),
(361, 'Legolas', 'tt4656392', 423),
(362, 'Batman (The Lego Movie)', 'tt4656392', 424),
(363, 'Dr. Raymond Stantz', 'tt4656392', 425),
(364, 'The Twelfth Doctor', 'tt4656392', 426),
(365, 'Aquaman', 'tt4656392', 427),
(366, 'Samwise \'Sam\' Gamgee', 'tt4656392', 428),
(367, 'Batman', 'tt4656392', 429),
(368, 'Coyote', 'tt4656392', 430),
(369, 'Sauron', 'tt4656392', 431),
(370, 'Wyldstyle', 'tt4656392', 432),
(371, 'Chad', 'tt9881938', 436),
(372, 'Blake Vilanti', 'tt9881938', 437),
(373, 'Admission Officer', 'tt9881938', 438),
(374, 'Barrack Obama', 'tt9881938', 439),
(375, 'Aidy', 'tt9881938', 440),
(376, 'Adam Zekeman', 'tt9881938', 441),
(377, 'Alan', 'tt9881938', 442),
(378, 'Jackie - Maid of Honor', 'tt9881938', 443),
(379, 'Art Looker', 'tt9881938', 444),
(380, 'Marcus', 'tt9881938', 445),
(381, 'Admission Officer', 'tt9881938', 446),
(382, 'MC', 'tt9881938', 447),
(383, 'Basketball Player', 'tt9881938', 448),
(384, 'Bank Clerk', 'tt9881938', 449),
(385, 'B.F.', 'tt9881938', 450),
(386, 'Denise Lattamore', 'tt9881938', 451),
(387, 'Admission Officer', 'tt9881938', 452),
(388, 'Anita', 'tt9881938', 453),
(389, '', 'tt4528890', 454),
(390, 'Show Announcer', 'tt4528890', 455),
(391, '', 'tt4528890', 456),
(392, 'Hoskins', 'tt4528890', 457),
(393, '', 'tt4528890', 458),
(394, '', 'tt4528890', 459),
(395, 'Roland Tembo', 'tt4528890', 460),
(396, 'Jimmy Fallon', 'tt4528890', 461),
(397, '', 'tt4528890', 462),
(398, '', 'tt4528890', 463),
(399, 'Ray Arnold', 'tt4528890', 464),
(400, '', 'tt4528890', 465),
(401, '', 'tt4528890', 466),
(402, 'Velociraptor Handler', 'tt4528890', 467),
(403, '', 'tt4528890', 468),
(404, '', 'tt4528890', 469),
(405, '', 'tt4528890', 470),
(406, '', 'tt4528890', 471),
(407, 'Gray', 'tt0369610', 475),
(408, 'Zara', 'tt0369610', 476),
(409, 'Vic Hoskins', 'tt0369610', 477),
(410, 'Barry', 'tt0369610', 478),
(411, 'Karen', 'tt0369610', 479),
(412, 'Owen Grady', 'tt0369610', 480),
(413, 'Mosasaurus Announcer', 'tt0369610', 481),
(414, 'Jimmy Fallon', 'tt0369610', 482),
(415, 'Paddock Supervisor', 'tt0369610', 483),
(416, 'Masrani', 'tt0369610', 484),
(417, 'Scott', 'tt0369610', 485),
(418, 'Dr. Henry Wu', 'tt0369610', 486),
(419, 'Hamada', 'tt0369610', 487),
(420, 'Zach', 'tt0369610', 488),
(421, 'Young Raptor Handler', 'tt0369610', 489),
(422, 'Claire Dearing', 'tt0369610', 490),
(423, 'Vivian', 'tt0369610', 491),
(424, 'Lowery', 'tt0369610', 492),
(425, 'Mark Brendanawicz', 'tt1266020', 496),
(426, 'Leslie Knope', 'tt1266020', 497),
(427, 'Perd Hapley', 'tt1266020', 498),
(428, 'Ben Wyatt', 'tt1266020', 499),
(429, 'Craig Middlebrooks', 'tt1266020', 500),
(430, 'Councilman Milton', 'tt1266020', 501),
(431, 'Donna Meagle', 'tt1266020', 502),
(432, 'Jerry Gergich', 'tt1266020', 503),
(433, 'Ron Swanson', 'tt1266020', 504),
(434, 'Ann Perkins', 'tt1266020', 505),
(435, 'Chris Traeger', 'tt1266020', 506),
(436, 'Councilman Jamm', 'tt1266020', 507),
(437, 'April Ludgate', 'tt1266020', 508),
(438, 'Councilman Howser', 'tt1266020', 509),
(439, 'Jean-Ralphio Saperstein', 'tt1266020', 510),
(440, 'Joan Callamezzo', 'tt1266020', 511),
(441, 'Andy Dwyer', 'tt1266020', 512),
(442, 'Tom Haverford', 'tt1266020', 513);

--
-- Index pour les tables déchargées
--

--
-- Index pour la table `acteur`
--
ALTER TABLE `acteur`
  ADD PRIMARY KEY (`id`),
  ADD KEY `FKl7d56f4qcgvh70tlsiji8dk44` (`naissance_id`);

--
-- Index pour la table `film`
--
ALTER TABLE `film`
  ADD PRIMARY KEY (`id`),
  ADD KEY `FKh5ficlg56m0wkhijnrqx6874b` (`pays`);

--
-- Index pour la table `film_castingprincipal`
--
ALTER TABLE `film_castingprincipal`
  ADD PRIMARY KEY (`id_film`,`id_acteur`),
  ADD KEY `FKfoqj5s7pjsxf1abe6cad147sp` (`id_acteur`);

--
-- Index pour la table `film_genre`
--
ALTER TABLE `film_genre`
  ADD KEY `FKq9htra7e2a7h5akq4iyq03f2f` (`id_genre`),
  ADD KEY `FKd5ps6y6dt84oqlngli5sncl8k` (`id_film`);

--
-- Index pour la table `film_lieutournage`
--
ALTER TABLE `film_lieutournage`
  ADD PRIMARY KEY (`id_film`,`id_lieutournage`),
  ADD KEY `FKsofd42hbnqt0s48atx6c3o7yv` (`id_lieutournage`);

--
-- Index pour la table `film_realisateur`
--
ALTER TABLE `film_realisateur`
  ADD PRIMARY KEY (`id_film`,`id_realisateur`),
  ADD KEY `FKr1w70wouessxx19y0diw3i5xa` (`id_realisateur`);

--
-- Index pour la table `film_role`
--
ALTER TABLE `film_role`
  ADD PRIMARY KEY (`id_film`,`id_role`),
  ADD KEY `FK90dx9heh6kv5hcdmbxycl357f` (`id_role`);

--
-- Index pour la table `genre`
--
ALTER TABLE `genre`
  ADD PRIMARY KEY (`id`);

--
-- Index pour la table `lieu_tournage`
--
ALTER TABLE `lieu_tournage`
  ADD PRIMARY KEY (`id`);

--
-- Index pour la table `naissance`
--
ALTER TABLE `naissance`
  ADD PRIMARY KEY (`id`);

--
-- Index pour la table `pays`
--
ALTER TABLE `pays`
  ADD PRIMARY KEY (`id`);

--
-- Index pour la table `realisateur`
--
ALTER TABLE `realisateur`
  ADD PRIMARY KEY (`id`);

--
-- Index pour la table `role`
--
ALTER TABLE `role`
  ADD PRIMARY KEY (`id`),
  ADD KEY `FKj47sbcn705k7xetrq0s4u2f7` (`id_acteur`);

--
-- AUTO_INCREMENT pour les tables déchargées
--

--
-- AUTO_INCREMENT pour la table `acteur`
--
ALTER TABLE `acteur`
  MODIFY `id` bigint(20) NOT NULL AUTO_INCREMENT, AUTO_INCREMENT=514;

--
-- AUTO_INCREMENT pour la table `film`
--
ALTER TABLE `film`
  MODIFY `id` bigint(20) NOT NULL AUTO_INCREMENT, AUTO_INCREMENT=34;

--
-- AUTO_INCREMENT pour la table `genre`
--
ALTER TABLE `genre`
  MODIFY `id` bigint(20) NOT NULL AUTO_INCREMENT, AUTO_INCREMENT=14;

--
-- AUTO_INCREMENT pour la table `lieu_tournage`
--
ALTER TABLE `lieu_tournage`
  MODIFY `id` bigint(20) NOT NULL AUTO_INCREMENT, AUTO_INCREMENT=23;

--
-- AUTO_INCREMENT pour la table `naissance`
--
ALTER TABLE `naissance`
  MODIFY `id` bigint(20) NOT NULL AUTO_INCREMENT, AUTO_INCREMENT=514;

--
-- AUTO_INCREMENT pour la table `pays`
--
ALTER TABLE `pays`
  MODIFY `id` bigint(20) NOT NULL AUTO_INCREMENT, AUTO_INCREMENT=5;

--
-- AUTO_INCREMENT pour la table `realisateur`
--
ALTER TABLE `realisateur`
  MODIFY `id` bigint(20) NOT NULL AUTO_INCREMENT, AUTO_INCREMENT=43;

--
-- AUTO_INCREMENT pour la table `role`
--
ALTER TABLE `role`
  MODIFY `id` bigint(20) NOT NULL AUTO_INCREMENT, AUTO_INCREMENT=443;

--
-- Contraintes pour les tables déchargées
--

--
-- Contraintes pour la table `acteur`
--
ALTER TABLE `acteur`
  ADD CONSTRAINT `FKl7d56f4qcgvh70tlsiji8dk44` FOREIGN KEY (`naissance_id`) REFERENCES `naissance` (`id`);

--
-- Contraintes pour la table `film`
--
ALTER TABLE `film`
  ADD CONSTRAINT `FKh5ficlg56m0wkhijnrqx6874b` FOREIGN KEY (`pays`) REFERENCES `pays` (`id`);

--
-- Contraintes pour la table `film_castingprincipal`
--
ALTER TABLE `film_castingprincipal`
  ADD CONSTRAINT `FK7kj7cxelbrbg528q0r7sevdvl` FOREIGN KEY (`id_film`) REFERENCES `film` (`id`),
  ADD CONSTRAINT `FKfoqj5s7pjsxf1abe6cad147sp` FOREIGN KEY (`id_acteur`) REFERENCES `acteur` (`id`);

--
-- Contraintes pour la table `film_genre`
--
ALTER TABLE `film_genre`
  ADD CONSTRAINT `FKd5ps6y6dt84oqlngli5sncl8k` FOREIGN KEY (`id_film`) REFERENCES `film` (`id`),
  ADD CONSTRAINT `FKq9htra7e2a7h5akq4iyq03f2f` FOREIGN KEY (`id_genre`) REFERENCES `genre` (`id`);

--
-- Contraintes pour la table `film_lieutournage`
--
ALTER TABLE `film_lieutournage`
  ADD CONSTRAINT `FKqlucnx4e2wjojcdug9tf3kxg0` FOREIGN KEY (`id_film`) REFERENCES `film` (`id`),
  ADD CONSTRAINT `FKsofd42hbnqt0s48atx6c3o7yv` FOREIGN KEY (`id_lieutournage`) REFERENCES `lieu_tournage` (`id`);

--
-- Contraintes pour la table `film_realisateur`
--
ALTER TABLE `film_realisateur`
  ADD CONSTRAINT `FK68iww2txbr52aehay2htgmh2r` FOREIGN KEY (`id_film`) REFERENCES `film` (`id`),
  ADD CONSTRAINT `FKr1w70wouessxx19y0diw3i5xa` FOREIGN KEY (`id_realisateur`) REFERENCES `realisateur` (`id`);

--
-- Contraintes pour la table `film_role`
--
ALTER TABLE `film_role`
  ADD CONSTRAINT `FK25gm4qs9jsoywcyl3smsaabre` FOREIGN KEY (`id_film`) REFERENCES `film` (`id`),
  ADD CONSTRAINT `FK90dx9heh6kv5hcdmbxycl357f` FOREIGN KEY (`id_role`) REFERENCES `role` (`id`);

--
-- Contraintes pour la table `role`
--
ALTER TABLE `role`
  ADD CONSTRAINT `FKj47sbcn705k7xetrq0s4u2f7` FOREIGN KEY (`id_acteur`) REFERENCES `acteur` (`id`);
COMMIT;

/*!40101 SET CHARACTER_SET_CLIENT=@OLD_CHARACTER_SET_CLIENT */;
/*!40101 SET CHARACTER_SET_RESULTS=@OLD_CHARACTER_SET_RESULTS */;
/*!40101 SET COLLATION_CONNECTION=@OLD_COLLATION_CONNECTION */;
